일련번호,CAS No,유해물질의 명칭_국문,유해물질의 명칭_영문,화학식,노출기준_TWA_ppm,노출기준_TWA_㎎/㎥,노출기준_STEL_ppm,노출기준_STEL_㎎/㎥,비 고(CAS번호 등),Cas No. 추출값
1,8006-61-9,가솔린,Gasoline,-,300,-,500,-,"[8006-61-9] 발암성 1B, (가솔린 증기의 직업적 노출에 한정함), 생식세포 변이원성 1B",8006-61-9
2,64-18-6,개미산,Formic acid,HCOOH,5,-,-,-,[64-18-6] ,64-18-6
3,7782-65-2,게르마늄 테트라하이드라이드,Germanium tetrahydride,GeH4,0.2,-,-,-,[7782-65-2] ,7782-65-2
4,8002-74-2,고형 파라핀 흄,Paraffin wax fume,-,-,2,-,-,[8002-74-2] ,8002-74-2
5,-,곡물분진,Grain dust,-,-,4,-,-,-,-
6,-,곡분분진,Flour dust(Inhalable fraction),-,-,0.5,-,-,흡입성,-
7,94-36-0,과산화벤조일,Benzoyl peroxide,(C6H5CO)2O2,-,5,-,-,[94-36-0] ,94-36-0
8,7722-84-1,과산화수소,Hydrogen peroxide,H2O2,1,-,-,-,[7722-84-1] 발암성 2,7722-84-1
9,-,광물털 섬유,Mineral wool fiber,-,-,10,-,-,"발암성 2, (알칼리 산화물 및 알칼리토금속 산화물의 중량비가 18% 이상인 불특정 모양의 인공 유리규산 섬유에 한정함)",-
10,7440-50-8,구리(분진 및 미스트),"Copper(Dust & mist, as Cu)",Cu,-,1,-,2,[7440-50-8] ,7440-50-8
11,-,구리(흄),Copper(Fume),Cu,-,0.1,-,-,,-
12,-,규산칼슘,Calcium silicate,CaSiO3,-,10,-,-,,-
13,-,규조토,Diatomaceous earth,-,-,10,-,-,,-
14,111-30-8,글루타르알데히드,Glutaraldehyde,OCH(CH2)3CHO,,,C0.05,-,[111-30-8] ,111-30-8
15,-,글리세린미스트,Glycerin mist,CH2OHCHOH․CH2OH,-,10,-,-,,-
16,556-52-5,글리시돌,Glycidol,C3H6O2,2,,,,"[556-52-5] 2,3-에폭시-1-프로판올 참조",556-52-5
17,110-80-5,글리콜 모노에틸에테르,Glycol monoethyl ether,C2H5OCH2CH2OH,5,,,,[110-80-5] 2-에톡시에탄올 참조,110-80-5
18,-,금속가공유(혼합용매추출물),Metal Working Fluids(as mixed solvent soluble aerosol),-,-,0.8,-,-,-,-
19,91-20-3,나프탈렌,Naphthalene,C10H8,10,-,15,-,"[91-20-3] 발암성 2, Skin",91-20-3
20,300-76-5,날레드,Naled,C4H7Br2Cl2O4P,,3,,,"[300-76-5] 디메틸-1,2-디브로모-2,2-디클로로에틸 포스페이트 참조",300-76-5
21,7439-92-1,납 및 그 무기화합물,"Lead and Inorganic compounds, as Pb",Pb,-,0.05,-,-,"[7439-92-1] 발암성 1B, 생식독성 1A(납(금속)의 경우 발암성 2)",7439-92-1
22,-,납석,Agalmatolite,Al2O3․4SiO2․H2O,-,,,,,-
23,-,내화성세라믹섬유,Refractory ceramic fibers(Respirable fibers),-,-,0.2개/cm3,-,-,"호흡성, 발암성 1B(알칼리 산화물 및 알칼리토금속 산화물의 중량비가 18% 이하인 불특정 모양의 인공 유리규산 섬유에 한정함)",-
24,111-84-2,노난,Nonane,CH3(CH2)7CH3,200,-,-,-,[111-84-2] ,111-84-2
25,62-75-9,노말-니트로소디메틸아민,n-Nitrosodimethylamine,(CH3)2NNO,-,-,-,-,[62-75-9] 디메틸니트로소아민 참조,62-75-9
26,102-81-8,2-N-디부틸아미노에탄올,2-N-Dibutylaminoethanol,(C4H9)2NCH2CH2OH,2,-,-,-,[102-81-8] Skin,102-81-8
27,100-61-8,N-메틸 아닐린,N-Methyl aniline,C6H5NHCH3,0.5,-,-,-,[100-61-8] Skin,100-61-8
28,110-62-3,노말-발레알데히드,n-Valeraldehyde,CH3(CH2)3CHO,50,-,-,-,[110-62-3] ,110-62-3
29,2426-08-6,노말-부틸 글리시딜에테르,n-Butyl glycidyl ether(BGE),C4H9OCH2CHOCH2,3,-,-,-,"[2426-08-6] 발암성 2, 생식세포 변이원성 2, Skin",2426-08-6
30,138-22-7,노말-부틸 락테이트,n-Butyl lactate,CH3CH(OH)COO(CH2)3CH3,5,-,-,-,[138-22-7] ,138-22-7
31,141-32-2,노말-부틸아크릴레이트,n-Butyl acrylate,C7H12O2,2,-,10,-,[141-32-2] ,141-32-2
32,71-36-3,노말-부틸알코올,n-Butyl alcohol(1-Butanol),CH3CH2CH2CH2OH,20,-,-,-,[71-36-3] ,71-36-3
33,88-12-0,N-비닐-2-피롤리돈,N-Vinyl-2-pyrrolidone(NVP),C6H9NO,0.05,-,-,-,[88-12-0] 발암성 2,88-12-0
34,100-74-3,N-에틸모르폴린,N-Ethylmorpholine,C6H13ON,5,-,-,-,[100-74-3] Skin,100-74-3
35,768-52-5,N-이소프로필아닐린,N-Isopropyl aniline,C6H5NHCH(CH3)2,2,-,-,-,[768-52-5] Skin,768-52-5
36,123-86-4,노말-초산 부틸,n-Butyl acetate,CH3COO(CH2)3CH3,150,-,200,-,[123-86-4] ,123-86-4
37,628-63-7,노말-초산 아밀,n-Amyl acetate,CH3COOC5H11,50,-,100,-,[628-63-7] ,628-63-7
38,135-88-6,N-페닐-베타-나프틸 아민,N-Phenyl-β-naphthyl amine,C10H7NHC6H5,-,-,-,-,[135-88-6] 발암성 2,135-88-6
39,627-13-4,노말-프로필 니트레이트,n-Propyl nitrate,C3H8NO3,25,-,40,-,[627-13-4] ,627-13-4
40,109-60-4,노말-프로필 아세테이트,n-Propyl acetate,CH3COOCH2CH2CH3,200,,250,,[109-60-4] 초산 프로필 참조,109-60-4
41,71-23-8,노말-프로필 알코올,n-Propyl alcohol,CH3CH2CH2OH,200,-,250,-,[71-23-8] Skin,71-23-8
42,110-54-3,노말-헥산,n-Hexane,CH3(CH2)4CH3,50,-,-,-,"[110-54-3] 생식독성 2, Skin",110-54-3
43,7440-02-0,니켈(가용성),"Nickel(Soluble compounds, as Ni)",Ni,-,0.1,-,-,[7440-02-0] 발암성 1A,7440-02-0
44,7440-02-0,니켈(불용성),"Nickel(Insoluble Inorganic compounds, as Ni)",Ni,-,0.2,-,-,[7440-02-0] 발암성 1A,7440-02-0
45,7440-02-0,니켈(금속),Nickel(Metal),Ni,-,1,-,-,[7440-02-0] 발암성 2,7440-02-0
46,13463-39-3,니켈 카르보닐,"Nickel carbonyl, as Ni",Ni(CO4),0.001,-,-,-,"[13463-39-3] 발암성 1A, 생식독성 1B",13463-39-3
47,54-11-5,니코틴,Nicotine,C10H14N2,-,0.5,-,-,[54-11-5] Skin,54-11-5
48,1929-82-4,니트라피린,Nitrapyrin,C6H3C14N,,10,,20,[1929-82-4] 2-클로로-6-(트리클로로메틸) 피리딘 참조,1929-82-4
49,55-63-0,니트로글리세린,Nitroglycerin(NG),CH2NO3CHNO3CH2NO3,0.05,-,-,-,[55-63-0] Skin,55-63-0
50,628-96-6,니트로글리콜,Nitroglycol,(CH2ONO2)2,0.05,,,,[628-96-6] 에틸렌글리콜 디니트레이트 참조,628-96-6
51,92-93-3,4-니트로디페닐,4-Nitrodiphenyl,C6H5C6H4NO2,-,-,-,-,"[92-93-3] 발암성 1B, Skin",92-93-3
52,75-52-5,니트로메탄,Nitromethane,CH3NO2,20,-,-,-,[75-52-5] 발암성 2,75-52-5
53,98-95-3,니트로벤젠,Nitrobenzene,C6H5NO2,1,-,-,-,"[98-95-3] 발암성 2, 생식독성 IB, Skin",98-95-3
54,79-24-3,니트로에탄,Nitroethane,C2H5NO2,100,-,-,-,[79-24-3] ,79-24-3
55,88-72-2,"니트로톨루(오쏘, 메타, 파라-이성체)","Nitrotoluene(o, m, p-isomers)",CH3C6H4NO2,2,-,-,-,"[88-72-2] 발암성 1B, 생식세포 변이원성 1B, 생식독성 2, Skin, [99-08-1] [99-99-0] Skin",88-72-2
56,76-06-2,니트로트리클로로메탄,Nitrotrichloromethane,CCl3NO2,0.1,,0.3,,[76-06-2] 클로로피크린 참조,76-06-2
57,108-03-2,1-니트로프로판,1-Nitropropane,CH3CH2CH2NO3,25,-,-,-,[108-03-2] ,108-03-2
58,79-46-9,2-니트로프로판,2-Nitropropane,CH3CHNO2CH3,10,-,-,-,[79-46-9] 발암성 1B,79-46-9
59,-,대리석,Marble,-,-,10,-,-,-,-
60,8065-48-3,데미톤,Demeton,(C2H5O)2PSOC2H4SC2H5,-,0.1,-,-,[8065-48-3] Skin,8065-48-3
61,17702-41-9,데카보란,Decaborane,B10H14,0.05,-,0.15,-,[17702-41-9] Skin,17702-41-9
62,94-75-7,"2,4-디","2,4-D(2,4-Dichloro phenoxyacetic acid)(Inhalable fraction)",Cl2C6H3OCH2COOH,-,10,-,-,"[94-75-7] 발암성 2, 흡입성",94-75-7
63,2238-07-5,디글리시딜에테르,Diglycidyl ether(DGE),C6H10O3,0.1,-,-,-,[2238-07-5] ,2238-07-5
64,100-25-4,디니트로벤젠(모든 이성체),Dinitrobenzene(all isomers),C6H4(NO2)2,0.15,-,-,-,[100-25-4] Skin ,100-25-4
64,25154-54-5,디니트로벤젠(모든 이성체),Dinitrobenzene(all isomers),C6H4(NO2)2,0.15,-,-,-,[25154-54-5] Skin ,25154-54-5
64,528-29-0,디니트로벤젠(모든 이성체),Dinitrobenzene(all isomers),C6H4(NO2)2,0.15,-,-,-,[528-29-0] Skin ,528-29-0
64,99-65-0,디니트로벤젠(모든 이성체),Dinitrobenzene(all isomers),C6H4(NO2)2,0.15,-,-,-,[99-65-0] Skin ,99-65-0
65,534-52-1,디니트로-오쏘-크레졸,Dinitro-o-cresol,CH3C6H2OH(NO2)2,-,0.2,-,-,"[534-52-1] 생식세포 변이원성 2, Skin",534-52-1
66,148-01-6,"3,5-디니트로-오쏘-톨루아미드","3,5-Dinitro-o-toluamide",C8H7N3O5,-,5,-,-,[148-01-6] ,148-01-6
67,25321-14-6,디니트로톨루엔,Dinitrotoluene,(NO2)2C6H3CH3,-,0.2,-,-,"[25321-14-6] 발암성 1B, 생식세포 변이원성 2, 생식독성 2, Skin",25321-14-6
68,109-87-5,디메톡시메탄,Dimethoxymethane,CH3OCH2OCH3,1000,-,-,-,[109-87-5] ,109-87-5
69,62-75-9,디메틸니트로소아민,Dimethylnitrosoamine,(CH3)2NNO,-,-,-,-,"[62-75-9] 발암성 1B, Skin",62-75-9
70,300-76-5,"디메틸-1,2-디브로모-2,2-디클로로에틸포스페이트","Dimethyl-1,2-dibromo-2,2-dichloroethy1 phosphate",C4H7Br2Cl2O4P,-,3,-,-,[300-76-5] Skin,300-76-5
71,-,디메틸벤젠(모든 이성체),Dimethylbenzene(all isomers),C6H4(CH3)2,,,,,크실렌(모든 이성체) 참조,-
72,121-69-7,디메틸아닐린,"Dimethylaniline(N,N-Dimethylaniline)",C6H4N(CH3)2,5,-,10,-,"[121-69-7] 발암성 2, Skin",121-69-7
73,1300-73-8,디메틸아미노벤젠(혼합이성체 포함),"Dimethylaminobenzene(mixed isomers, Inhalabable fraction and vapor)",(CH3)2C6H3NH2,0.5,-,-,-,"[1300-73-8] 발암성 2, Skin, 흡입성 및 증기",1300-73-8
74,124-40-3,디메틸아민,Dimethylamine,(CH3)2NH,5,-,15,-,[124-40-3] ,124-40-3
75,127-19-5,"N,N-디메틸아세트아미드","N,N-Dimethyl acetamide",C4H9NO,10,-,-,-,"[127-19-5] 생식독성 1B, Skin",127-19-5
76,79-44-7,디메틸 카르바모일클로라이드,Dimethyl carbamoylchloride,(CH3)2NCOCl,0.005,-,-,-,"[79-44-7] 발암성 1B, Skin",79-44-7
77,68-12-2,디메틸포름아미드,Dimethylformamide,HCON(CH3)2,10,-,-,-,"[68-12-2] 생식독성 1B, Skin",68-12-2
78,131-11-3,디메틸프탈레이트,Dimethylphthalate,C10H10O4,-,5,-,-,[131-11-3] ,131-11-3
79,108-83-8,"2,6-디메틸-4-헵타논","2,6-Dimethyl-4-heptanone",[(CH3)2CHCH2]2CO,25,,,,[108-83-8] 디이소부틸케톤 참조,108-83-8
80,57-14-7,"1,1-디메틸하이드라진","1,1-Dimethylhydrazine",(CH3)2NNH2,0.01,-,-,-,"[57-14-7] 발암성 1B, Skin",57-14-7
81,19287-45-7,디보란,Diborane,B2H6,0.1,-,-,-,[19287-45-7] ,19287-45-7
82,107-66-4,디부틸 포스페이트,Dibutyl phosphate(Inhalable fraction and vapor),(C4H9O)2(OH)PO,-,5,-,10,"[107-66-4] Skin, 흡입성 및 증기",107-66-4
83,84-74-2,디부틸 프탈레이트,Dibutyl phthalate,C6H4(CO2C4H9)2,-,5,-,-,[84-74-2] 생식독성 1B,84-74-2
84,106-93-4,"1,2-디브로모에탄","1,2-Dibromoethane",CH2BrCH2Br,-,-,-,-,"[106-93-4] 발암성 1B, Skin",106-93-4
85,1321-74-0,디비닐 벤젠,Divinyl benzene,C6H4(CH=CH2)2,10,-,-,-,[1321-74-0] ,1321-74-0
86,97-77-8,디설피람,Disulfiram,C10H20N2S4,-,2,-,-,[97-77-8] ,97-77-8
87,298-04-4,디설포톤,Disulfoton(Inhalable fraction and vapor),C8H19O2PS3,-,0.05,-,-,"[298-04-4] Skin, 흡입성 및 증기",298-04-4
88,102-54-5,디시클로펜타디에닐 철,Dicyclopentadienyl iron,C10H10Fe,-,10,-,-,[102-54-5] ,102-54-5
89,77-73-6,디시클로펜타디엔,Dicyclopentadiene,C10H12,5,-,-,-,[77-73-6] ,77-73-6
90,119-90-4,디아니시딘,Dianisidine,C14H16N2O2,-,0.01,-,-,[119-90-4] 발암성 1B,119-90-4
91,107-15-3,"1,2-디아미노에탄","1,2-Diaminoethane",H2NCH2CH2NH2,10,-,-,-,[107-15-3] Skin,107-15-3
92,123-42-2,디아세톤 알코올,Diaceton alcohol,C6H12O2,50,-,-,-,[123-42-2] ,123-42-2
93,334-88-3,디아조메탄,Diazomethane,CH2N2,0.2,-,-,-,[334-88-3] 발암성 1B,334-88-3
94,333-41-5,디아지논,Diazinon(Inhalable fraction and vapor),C12H21N2O3PS,-,0.01,-,-,"[333-41-5] 발암성 1B, Skin, 흡입성 및 증기",333-41-5
95,111-42-2,디에탄올아민,Diethanolamine,(HOCH2CH2)2NH,-,2,-,-,"[111-42-2] 발암성 2, Skin",111-42-2
96,112-34-5,디에틸렌 글리콜 모노부틸 에테르,Diethylene glycol monobutyl ether,CH2(CH2)3OCH2CH2OCH2CH2OH,10,-,-,-,[112-34-5] ,112-34-5
97,100-37-8,2-디에틸아미노에탄올,2-Diethylamino ethanol,(C2H5)2NC2H4OH,2,-,-,-,[100-37-8] Skin,100-37-8
98,109-89-7,디에틸아민,Diethylamine,(C2H5)2NH,5,-,15,-,[109-89-7] Skin,109-89-7
99,60-29-7,디에틸 에테르,Diethyl ether,C2H5OC2H5,400,-,500,-,[60-29-7] ,60-29-7
100,96-22-0,디에틸 케톤,Diethyl ketone,C2H5COC2H5,200,-,-,-,[96-22-0] ,96-22-0
101,111-40-0,디에틸렌 트리아민,Diethylene triamine,(NH2CH2CH2)2NH,1,-,-,-,[111-40-0] Skin,111-40-0
102,84-66-2,디에틸프탈레이트,Diethyl phthalate,C6H4(COOC2H5)2,-,5,-,-,[84-66-2] ,84-66-2
103,117-81-7,디(2-에틸헥실)프탈레이트,Di(2-ethylhexyl)phthalate,C6H4(COOC8H17)2,-,5,-,10,"[117-81-7] 발암성 2, 생식독성 1B",117-81-7
104,60-57-1,디엘드린,Dieldrin,C12H8Cl6O,-,0.25,-,-,"[60-57-1] 발암성 2, Skin,",60-57-1
105,78-34-2,디옥사티온,Dioxathion,C12H26O6P2S4,-,0.2,-,-,[78-34-2] Skin,78-34-2
106,123-91-1,"1,4-디옥산","1,4-Dioxane(Diethylene dioxide)",OCH2CH2OCH2CH2,20,-,-,-,"[123-91-1] 발암성 2, Skin",123-91-1
107,330-54-1,디우론,Diuron,C9H10Cl2N2O,-,10,-,-,[330-54-1] 발암성 2,330-54-1
108,108-83-8,디이소부틸케톤,Diisobutyl ketone,[(CH3)2CHCH2]2CO,25,-,-,-,[108-83-8] ,108-83-8
109,108-18-9,디이소프로필아민,Diisopropylamine,(CH3)2CHNHCH(CH3)2,5,-,-,-,[108-18-9] Skin,108-18-9
110,128-37-0,"2,6-디-삼차-부틸-파라-크레졸","2,6-Di-tert-butyl-p-cresol(Inhalable fraction and vapor)",C15H24O,-,2,-,-,[128-37-0] 흡입성 및 증기,128-37-0
111,117-81-7,디-이차-옥틸프탈레이트,Di-sec-octyl phthalate,C6H4(COOC8H17)2,,5,,10,[117-81-7] 디-(2-에틸헥실)프탈레이트 참조,117-81-7
112,2764-72-9,디쿼트,Diquat(Inhalable fraction),C12H12Br2N2,-,0.5,-,-,"[2764-72-9] Skin, 흡입성",2764-72-9
112,6385-62-2,디쿼트,Diquat(Inhalable fraction),C12H12Br2N2,-,0.5,-,-,"[6385-62-2] Skin, 흡입성",6385-62-2
112,85-00-7,디쿼트,Diquat(Inhalable fraction),C12H12Br2N2,-,0.5,-,-,"[85-00-7] Skin, 흡입성",85-00-7
113,141-66-2,디크로토포스,Dicrotophos,C8H16NO5P,-,0.25,-,-,[141-66-2] Skin,141-66-2
114,50-29-3,"디클로로디페닐, 트리클로로에탄",Dichlorodiphenyltrichloroethane(D.D.T),C14H9Cl5,-,1,-,-,[50-29-3] 발암성 2,50-29-3
115,594-72-9,"1,1-디클로로-1-니트로에탄","1,1-Dichloro-1-nitroethane",CH3CCl2NO2,2,-,-,-,[594-72-9] ,594-72-9
116,118-52-5,"1,3-디클로로-5,","1,3-Dichloro-5, 5-dimethyl hydantoin",C5H6Cl2N2O2,-,0.2,-,0.4,[118-52-5] ,118-52-5
117,75-71-8,디클로로디플루오로메탄,Dichlorodifluoromethane,CCl2F2,1000,-,-,-,[75-71-8] ,75-71-8
118,75-09-2,디클로로메탄,Dichloromethane,CH2Cl2,50,-,-,-,[75-09-2] 발암성 2,75-09-2
119,91-94-1,"3,3-디클로로벤지딘","3,3-Dichlorobenzidine",C12H10Cl2N2,-,-,-,-,"[91-94-1] 발암성 1B, Skin",91-94-1
120,79-43-6,디클로로아세트산,Dichloro acetic acid,C2H2Cl2O2,0.5,-,-,-,"[79-43-6] 발암성 2, Skin",79-43-6
121,7572-29-4,디클로로아세틸렌,Dichloroacetylene,ClCCCl,,,C0.1,-,[7572-29-4] 발암성 2,7572-29-4
122,75-34-3,"1,1-디클로로에탄","1,1-Dichloroethane",CH3CHCl2,100,-,-,-,[75-34-3] ,75-34-3
123,107-06-2,"1,2-디클로로에탄","1,2-Dichloroethane",ClCH2CH2Cl,,10,,,[107-06-2] 이염화 에틸렌 참조,107-06-2
124,75-35-4,"1,1-디클로로에틸렌","1,1-Dichloroethylene",CH2CCl2,5,-,20,-,[75-35-4] 발암성 2,75-35-4
125,540-59-0,"1,2-디클로로에틸렌","1,2-Dichloroethylene",CHClCHCl,200,-,-,-,[540-59-0] ,540-59-0
126,111-44-4,디클로로에틸에테르,Dichloroethylether,(ClCH2CH2)2O,5,-,10,-,"[111-44-4] 발암성 2, Skin",111-44-4
127,76-14-2,디클로로 테트라플루오로에탄,Dichlorotetrafluoroethane,F2ClCCClF2,1000,-,-,-,[76-14-2] ,76-14-2
128,306-83-2,"2,2-디클로로-1,1,1-트라이플루오로에탄","2,2-Dichloro-1,1,1-trifluoroethane",CHCl2CF3 ,10,-,-,-,[306-83-2] ,306-83-2
129,78-87-5,"1,2-디클로로프로판","1,2-Dichloropropane",CH3CHClCH2Cl,10,-,110,-,[78-87-5] 발암성 1A,78-87-5
130,542-75-6,디클로로프로펜,Dichloropropene,CHClCHCH2Cl,1,-,-,-,"[542-75-6] 발암성 2, Skin",542-75-6
131,75-99-0,"2,2-디클로로프로피온산","2,2-Dichloropropionic acid(Inhalable fraction)",CH3CCl2COOH,-,6,-,-,[75-99-0] 흡입성,75-99-0
132,75-43-4,디클로로플루오로메탄,Dichlorofluoromethane,CHCl2F,10,-,-,-,[75-43-4] ,75-43-4
133,1717-00-6,"1,1-디클로로-1-플루오로에탄","1,1-Dichloro-1-fluoro ethane",C2Cl2FH3,500,-,-,-,[1717-00-6] ,1717-00-6
134,62-73-7,디클로르보스,Dichlorvos(Inhalable fraction and vapor),(CH3O)2POOCHCCl2/C4H7Cl2O4P,-,0.1,-,-,"[62-73-7] 발암성 2, Skin, 흡입성 및 증기",62-73-7
135,92-52-4,디페닐,Diphenyl,C12H10,0.2,,,,[92-52-4] 비페닐 참조,92-52-4
136,101-68-8,디페닐메탄 디이소시아네이트,Diphenylmethanediisocyanate,NCOC6H4CH2C6H4NCO,0.005,,,,[101-68-8] 메틸렌비스페닐이소시아네이트 참조,101-68-8
137,122-39-4,디페닐아민,Diphenylamine,C6H5NHC6H5,-,10,-,-,[122-39-4] ,122-39-4
138,34590-94-8,디프로필렌 글리콜메틸 에테르,Dipropylene glycol methyl ether,CH3CH(OCH3)CH2OCH2CH(OH)CH3,100,-,150,-,[34590-94-8] Skin,34590-94-8
139,123-19-3,디프로필 케톤,Dipropyl ketone,(CH3CH2CH2)2CO,50,-,-,-,[123-19-3] ,123-19-3
140,75-61-6,디플루오로디브로모메탄,Difluorodibromomethane,CBr2F2,100,-,-,-,[75-61-6] ,75-61-6
141,123-31-9,디하이드록시벤젠,Dihydroxybenzene,C6H4(OH)2,-,2,-,-,"[123-31-9] 발암성 2, 생식세포 변이원성 2",123-31-9
142,8030-30-6,러버 솔벤트,Rubber solvent(Naphtha),-,400,-,-,-,"[8030-30-6] 발암성 1B, 생식세포 변이원성 1B(벤젠 0.1% 이상인 경우에 한정함)",8030-30-6
143,108-46-3,레조시놀,Resorcinol,C6H4(OH)2,10,-,20,-,[108-46-3] ,108-46-3
144,7440-16-6,로듐금속,"Rhodium, Metal",Rh,-,0.1,-,-,[7440-16-6] ,7440-16-6
145,7440-16-6,"로듐, 불용성화합물","Rhodium, Insoluble compounds, as Rh",Rh,-,1,-,-,[7440-16-6] ,7440-16-6
146,-,로진 열분해산물,"Rosin core solder pyrolysis products, as Formaldehyde",-,-,0.1,-,-,,-
147,83-79-4,로테논,Rotenone(Commercial),C23H22O6,-,5,-,-,[83-79-4] ,83-79-4
148,299-84-3,론넬,Ronnel,(CH3O)2PSOC6H2Cl3,-,10,-,-,[299-84-3] ,299-84-3
149,-,루지,Rouge,-,-,10,-,-,,-
150,7580-67-8,리튬하이드라이드,Lithium hydride,LiH,-,0.025,-,-,[7580-67-8] ,7580-67-8
151,58-89-9,린데인,Lindane,C6H6Cl6,-,0.5,-,-,"[58-89-9] 발암성 1A, 수유독성, Skin",58-89-9
152,121-75-5,말라티온,Malathion(Inhalable fraction and vapor),C10H19O6PS2,-,1,-,-,"[121-75-5] 발암성 1B, Skin, 흡입성 및 증기",121-75-5
153,7439-96-5,망간 및 무기 화합물,"Manganese&Inorganic compounds, as Mn",Mn,-,1,-,-,[7439-96-5] ,7439-96-5
154,12079-65-1,망간 시클로펜타디에닐 트리카보닐,"Manganese cyclopentadienyl tricarbonyl, as Mn ",C5H5Mn(CO)3,-,0.1,-,-,[12079-65-1] Skin,12079-65-1
155,7439-96-5,망간(흄),Manganese(Fume),Mn,-,1,-,3,[7439-96-5] ,7439-96-5
156,7786-34-7,메빈포스,Mevinphos,(CH3O)2PO2C(CH3)CHCOOCH3,0.01,-,0.03,-,[7786-34-7] Skin,7786-34-7
157,79-41-4,메타크릴 산,Methacrylic acid,CH2CCH3COOH,20,-,-,-,[79-41-4] ,79-41-4
158,1477-55-0,"메타-크실렌-알파, 알파-디아민","m-Xylene-α, α´-diamine",C6H4(CH2NH2)2,-,-,-,C0.1,[1477-55-0] Skin,1477-55-0
159,108-44-1,메타-톨루이딘,m-Toluidine,CH3C6H4NH2,2,-,-,-,[108-44-1] Skin,108-44-1
160,626-17-5,메타-프탈로디니트릴,m-Phthalodinitrile(Inhalable fraction and vapor),C8H4N2,-,5,-,-,[626-17-5] 흡입성 및 증기,626-17-5
162,74-93-1,메탄에티올,Methanethiol,CH3SH,0.5,-,-,-,[74-93-1] ,74-93-1
163,16752-77-5,메토밀,Methomyl,C5H10N2O2S,-,2.5,-,-,[16752-77-5] ,16752-77-5
164,109-86-4,2-메톡시에탄올,2-Methoxyethanol,CH3OCH2CH2OH,5,-,-,-,"[109-86-4] 생식독성 1B, Skin",109-86-4
165,110-49-6,2-메톡시에틸아세테이트,2-Methoxyethyl acetate,CH3COOCH2CH2OCH3,5,-,-,-,"[110-49-6] 생식독성 1B, skin",110-49-6
166,72-43-5,메톡시클로르,Methoxychlor,C16H15Cl3O2,-,10,-,-,[72-43-5] ,72-43-5
167,150-76-5,4-메톡시페놀,4-Methoxyphenol,CH3OC6H4OH,-,5,-,-,[150-76-5] ,150-76-5
168,21087-64-9,메트리뷰진,Metribuzin,C8H14N4OS,-,5,-,-,[21087-64-9] ,21087-64-9
169,591-78-6,메틸 노말-부틸케톤,Methyl n-butylketone,CH3COCH2CH2CH2CH3,5,-,-,-,"[591-78-6] 생식독성 2, skin",591-78-6
170,110-43-0,메틸 노말-아밀케톤,Methyl n-amylketone,CH3(CH2)4COCH3,50,-,-,-,[110-43-0] ,110-43-0
171,8022-00-2,메틸 데메톤,Methyl demeton,(CH3O)2PSO(CH2)2SC2H5,-,0.5,-,-,[8022-00-2] Skin,8022-00-2
172,101-77-9,"4,4'-메틸렌디아닐린","4,4'-Methylenedianiline",H2NC6H4CH2C6H4NH2,0.1,-,-,-,"[101-77-9] 발암성 1B, 생식세포 변이원성 2, Skin",101-77-9
173,5124-30-1,"1,1'-메틸렌비스(4-이소시아네이토사이클로헥산)","1,1'-Methylenebis(4-isocyanatocyclohexane)",CH2[(C6H10)NCO]2,0.005,-,-,-,[5124-30-1] ,5124-30-1
174,101-14-4,"4,4'-메틸렌비스(2-클로로아닐린)","4,4'-Methylenebis(2-chloroaniline)",CH2(C6H4ClNH2)2,0.01,-,-,-,"[101-14-4] 발암성 1A, Skin",101-14-4
175,101-68-8,메틸렌비스페닐이소시아네이트,Methylene bisphenyl isocyanate,NCOC6H4CH2C6H4NCO,0.005,-,-,-,[101-68-8] 발암성 2,101-68-8
176,80-62-6,메틸메타크릴레이트,Methyl methacrylate,CH2C(CH3)COOCH3,50,-,100,-,[80-62-6] ,80-62-6
177,74-93-1,메틸 멀캡탄,Methyl mercaptan,CH3SH,0.5,,,,[74-93-1] 메탄에티올 참조,74-93-1
178,1634-04-4,메틸삼차 부틸에테르,Methyl tert-butyl ether(MTBE),C5H12O,50,-,-,-,[1634-04-4] 발암성 2 ,1634-04-4
179,137-05-3,메틸 2-시아노아크릴레이트,Methyl 2-cyanoacrylate,CH2C(CN)COOCH3,2,-,4,-,[137-05-3] ,137-05-3
180,12108-13-3,2-메틸시클로펜타디에닐 망간트리카르보닐,"2-Methylcyclopentadienyl manganese tricarbonyl, as Mn",CH3C5H5Mn(CO)3,-,0.2,-,-,[12108-13-3] Skin,12108-13-3
181,25639-42-3,메틸시클로헥사놀,Methylcyclohexanol,C7H14O,50,-,-,-,[25639-42-3] ,25639-42-3
182,108-87-2,메틸시클로헥산,Methylcyclohexane,CH3C6H11,400,-,-,-,[108-87-2] ,108-87-2
183,681-84-5,메틸실리케이트,Methyl silicate,(CH3O)4Si,1,-,-,-,[681-84-5] ,681-84-5
184,74-89-5,메틸 아민,Methyl amine,CH3NH2,5,-,15,-,[74-89-5] ,74-89-5
185,108-11-2,메틸 아밀알코올,Methyl amylalcohol,(CH3)2CHCH2CHOHCH3,25,-,40,-,[108-11-2] Skin,108-11-2
186,74-99-7,메틸 아세틸렌,Methyl acetylene,C3H4,1000,-,1250,-,[74-99-7] ,74-99-7
187,59355-75-8,메틸 아세틸렌 프로파디엔 혼합물,Methyl acetylene propadiene mixture(MAPP),-,1000,-,1250,-,[59355-75-8] ,59355-75-8
188,96-33-3,메틸 아크릴레이트,Methyl acrylate,CH2CHCOOCH3,2,-,-,-,[96-33-3] Skin,96-33-3
189,126-98-7,메틸 아크릴로니트릴,Methyl acrylonitrile,CH2CCH3CN,1,-,-,-,[126-98-7] Skin,126-98-7
190,109-87-5,메틸알,Methylal,CH3OCH2OCH3,1000,,,,[109-87-5] 디메톡시메탄 참조,109-87-5
191,67-56-1,메틸 알코올,Methanol,CH3OH,200,-,250,-,[67-56-1] Skin,67-56-1
192,78-93-3,메틸 에틸 케톤,Methyl ethyl ketone(M.E.K),CH3COC2H5,200,-,300,-,[78-93-3] ,78-93-3
193,1338-23-4,메틸 에틸 케톤 퍼옥사이드,Methyl ethyl ketone peroxide,C8H16O4/C8H18O6,-,-,C0.2,-,[1338-23-4] ,1338-23-4
194,108-10-1,메틸 이소부틸 케톤,Methyl isobutyl ketone,CH3COCH2CH(CH3)2,50,-,75,-,[108-10-1] 발암성 2,108-10-1
195,624-83-9,메틸 이소시아네이트,Methyl isocyanate,CH3NCO,0.02,-,-,-,"[624-83-9] 생식독성 2, Skin",624-83-9
196,108-11-2,메틸 이소부틸 카르비놀,Methyl isobutyl carbinol,(CH3)2CHCH2CHOHCH3,25,,40,,[108-11-2] 메틸 아밀 알코올 참조,108-11-2
197,110-12-3,메틸 이소아밀 케톤,Methyl isoamyl ketone,CH3COCH(C2H5)2,50,-,-,-,[110-12-3] ,110-12-3
198,563-80-4,메틸 이소프로필 케톤,Methyl isopropyl ketone,(CH3)2CH3COCH,200,-,-,-,[563-80-4] ,563-80-4
199,74-87-3,메틸 클로라이드,Methyl chloride,CH3Cl,50,-,100,-,"[74-87-3] 발암성 2, Skin",74-87-3
200,71-55-6,메틸 클로로포름,Methyl chloroform,CH3CCl3,350,-,450,-,[71-55-6] ,71-55-6
201,298-00-0,메틸 파라티온,Methyl parathion(Inhalable fraction and vapor),C8H10NO5PS,-,0.2,-,-,"[298-00-0] Skin, 흡입성 및 증기",298-00-0
202,107-31-3,메틸 포메이트,Methyl formate,HCOOCH3,100,-,150,-,[107-31-3] ,107-31-3
203,107-87-9,메틸 프로필 케톤,Methyl propyl ketone,CH3COC3H7,200,-,250,-,[107-87-9] ,107-87-9
204,60-34-4,메틸 하이드라진,Methyl hydrazine,CH3NHNH2,0.01,-,-,-,"[60-34-4] 발암성 2, Skin",60-34-4
205,541-85-5,5-메틸-3-헵타논,5-Methyl-3-heptanone,C8H16O,25,,,,[541-85-5] 에틸 아밀 케톤 참조,541-85-5
206,-,면분진,"Cotton dust, raw",-,-,0.2,-,-,-,-
207,6923-22-4,모노크로토포스,Monocrotophos(Inhalable fraction and vapor),C7H14NO5P,-,0.05,-,-,"[6923-22-4] 생식세포 변이원성 2, Skin, 흡입성 및 증기 ",6923-22-4
208,108-90-7,모노클로로벤젠,Monochlorobenzene,C6H5Cl,10,,20,,[108-90-7] 클로로벤젠 참조,108-90-7
209,110-91-8,모르폴린,Morpholine,C4H9ON,20,-,30,-,[110-91-8] Skin,110-91-8
210,-,목재분진(적삼목),"Wood dust(Western red cedar, Inhalable fraction)",-,-,0.5,-,-,"흡입성, 발암성 1A",-
211,-,목재분진(적삼목외 기타 모든 종),"Wood dust(All other species, Inhalable fraction)",-,-,1,-,-,"흡입성, 발암성 1A",-
212,7439-98-7,몰리브덴(불용성화합물),Molybdenum(Insoluble compounds)(Inhalable fraction),Mo,-,10,-,-,[7439-98-7] 흡입성,7439-98-7
213,7439-98-7,몰리브덴(불용성화합물),Molybdenum(Insoluble compounds)(Respirable fraction),Mo,-,5,-,-,[7439-98-7] 호흡성,7439-98-7
214,7439-98-7,몰리브덴(수용성화합물),Molybdeunum(Soluble compounds) (Respirable fraction),Mo,-,0.5,-,-,"[7439-98-7] 발암성 2, 호흡성",7439-98-7
215,108-31-6,무수 말레산,Maleic anhydride,(CHCO)2O,-,0.4,-,-,[108-31-6] ,108-31-6
216,108-24-7,무수 초산,Acetic anhydride,(CH3CO)2O,1,-,3,-,[108-24-7] ,108-24-7
217,85-44-9,무수 프탈산,Phthalic anhydride,C6H4(CO)2O,1,-,-,-,[85-44-9] Skin,85-44-9
218,7440-39-3,바륨 및 그 가용성화합물,Barium and soluble compounds,Ba,-,0.5,-,-,[7440-39-3] ,7440-39-3
219,7440-06-4,백금(가용성염),"Platinum(Soluble salts, as Pt)",Na2PtCl6․6H2O/ PtCl4/(NH4)2PtCl6,-,0.002,-,-,[7440-06-4] ,7440-06-4
220,7440-06-4,백금(금속),Platinum(Metal),Pt,-,1,-,-,[7440-06-4] ,7440-06-4
221,17804-35-2,배노밀,Benomyl,C14H18N4O3,-,10,,-,"[17804-35-2] 발암성 2, 생식세포 변이원성 1B, 생식독성 1B",17804-35-2
222,7440-41-7,베릴륨 및 그 화합물,Beryllium & Compounds,Be,-,0.002,-,0.01,"[7440-41-7] 발암성 1A, Skin",7440-41-7
223,91-59-8,베타-나프틸아민,β-Naphthylamine,C10H7NH2,-,-,-,-,[91-59-8] 발암성 1A,91-59-8
224,126-99-8,베타-클로로프렌,β-Chloroprene,CH2CClCHCH2,10,,,,"[126-99-8] 2-클로로-1, 3-부타디엔 참조",126-99-8
225,57-57-8,베타-프로피오락톤,β-Propiolactone,C3H4O2,0.5,-,-,-,"[57-57-8] 발암성 1B, Skin",57-57-8
226,71-43-2,벤젠,Benzene,C6H6,0.5,-,2.5,-,"[71-43-2] 발암성 1A, 생식세포 변이원성 1B, Skin ",71-43-2
227,95-54-5,"1,2-벤젠디아민","1,2-Benzenediamine",C6H4(NH2)2,-,0.1,-,-,[95-54-5] ,95-54-5
228,108-45-2,"1,3-벤젠디아민","1,3-Benzenediamine",C6H4(NH2)2,-,0.1,-,-,[108-45-2] ,108-45-2
229,98-88-4,벤조일클로라이드,Benzoyl chloride,C7H5ClO,-,-,C0.5,-,[98-88-4] 발암성 1B,98-88-4
230,98-07-7,벤조트리클로라이드,Benzotrichloride,C7H5Cl3,-,-,C0.1,-,"[98-07-7] 발암성 1B, Skin",98-07-7
231,50-32-8,벤조 피렌,Benzo(a) pyrene,C20H12,-,-,-,-,"[50-32-8] 발암성 1A, 생식세포 변이원성 1B, 생식독성 1B",50-32-8
232,92-87-5,벤지딘,Benzidine,NH2C6H4C6H4NH2,-,-,-,-,"[92-87-5] 발암성 1A, Skin",92-87-5
233,78-93-3,2-부타논,2-Butanone,CH3COC2H5 ,200,,300,,[78-93-3] 메틸 에틸 케톤 참조,78-93-3
234,106-99-0,"1,3-부타디엔","1,3-Butadiene",CH2CHCHCH2,2,-,10,-,"[106-99-0] 발암성 1A, 생식세포 변이원성 1B",106-99-0
235,75-28-5,부탄(이성체),"Butane, isomers",CH3(CH2)2CH3,800,-,-,-,"[75-28-5] [106-97-8] 발암성 1A, 생식세포 변이원성 1B(부타디엔 0.1% 이상인 경우에 한정함)",75-28-5
235,106-97-8,부탄(이성체),"Butane, isomers",CH3(CH2)2CH3,800,-,-,-,"[106-97-8] 발암성 1A, 생식세포 변이원성 1B(부타디엔 0.1% 이상인 경우에 한정함)",106-97-8
236,111-76-2,2-부톡시에탄올,2-Butoxyethanol,C4H9OCH2CH2OH,20,-,-,-,"[111-76-2] 발암성 2, Skin",111-76-2
237,109-79-5,부탄에티올,Butanethiol,CH3CH2CH2CH2SH,0.5,-,-,-,[109-79-5] ,109-79-5
238,109-79-5,부틸 멀캡탄,Butyl mercaptan,CH3CH2CH2CH2SH,0.5,,,,[109-79-5] Butanethiol 참조,109-79-5
239,109-73-9,부틸아민,Butylamine,C4H9NH2,,,C5,-,[109-73-9] Skin,109-73-9
240,78-92-2,이차-부틸알코올,sec-Butyl alcohol(2-Butanol),CH3CHOHCH2CH3,100,-,150,-,[78-92-2] ,78-92-2
241,75-65-0,삼차-부틸알코올,tert-Butyl alcohol,(CH3)3COH,100,-,150,-,[75-65-0] ,75-65-0
242,7782-41-4,불소,Fluorine,F2,0.1,-,-,-,[7782-41-4] ,7782-41-4
243,7664-39-3,불화수소,"Hydrogen fluoride, as F",HF,0.5,-,C3,-,[7664-39-3] Skin ,7664-39-3
244,1330-43-4,붕소산 사나트륨염(무수물),Borates tetrasodium salts(Anhydrous)(Inhalable fraction),Na2B4O7,-,1,-,-,"[1330-43-4] 생식독성 1B, 흡입성",1330-43-4
245,12179-04-3,붕소산 사나트륨염(오수화물),Borates tetrasodium salts(Pentahydrate)(Inhalable fraction),Na2B4O7․5H2O,-,1,-,-,"[12179-04-3] 생식독성 1B, 흡입성",12179-04-3
246,1303-96-4,붕소산 사나트륨염(십수화물),Borates tetrasodium salts(Decahydrate)(Inhalable fraction),Na2B4O7․10H2O,-,5,-,-,"[1303-96-4] 생식독성 1B, 흡입성",1303-96-4
247,314-40-9,브로마실,Bromacil,C9H13BrN2O2,-,10,-,-,[314-40-9] 발암성 2,314-40-9
248,74-97-5,브로모클로로메탄,Bromochloromethane,CH2BrCl,200,-,250,-,[74-97-5] ,74-97-5
249,75-25-2,브로모포롬,Bromoform,CHBr3,0.5,-,-,-,"[75-25-2] 발암성 2, Skin",75-25-2
250,106-94-5,1-브로모프로판,1-Bromopropane,CH3CH2CH2Br,25,-,-,-,"[106-94-5] 발암성 2, 생식독성 1B",106-94-5
251,75-26-3,2-브로모프로판,2-Bromopropane,(CH3)2CHBr,1,-,-,-,[75-26-3] 생식독성 1A,75-26-3
252,7726-95-6,브롬,Bromine,Br2,0.1,-,0.3,-,[7726-95-6] ,7726-95-6
253,74-83-9,브롬화 메틸,Methyl bromide,CH3Br,1,-,-,-,"[74-83-9] 생식세포 변이원성 2, Skin",74-83-9
254,593-60-2,브롬화 비닐,Vinyl bromide,C2H3Br,0.5,-,-,-,[593-60-2] 발암성 1B ,593-60-2
255,10035-10-6,브롬화 수소,Hydrogen bromide,HBr,,,C2,-,[10035-10-6] ,10035-10-6
256,74-96-4,브롬화 에틸,Ethyl bromide,C2H5Br,5,-,-,-,"[74-96-4] 발암성 2, Skin",74-96-4
257,8032-32-4,브이엠 및 피 나프타,VM & P Naphtha,-,300,-,-,-,"[8032-32-4] 발암성 1B, 생식세포 변이원성 1B(벤젠 0.1% 이상인 경우에 한정함)",8032-32-4
258,100-42-5,비닐 벤젠,Vinyl benzene,C6H5CHCH2,20,,40,,[100-42-5] 스티렌 참조,100-42-5
259,106-87-6,비닐 시클로헥센디옥사이드,Vinyl cyclohexenedioxide,C8H12O2,0.1,-,-,-,"[106-87-6] 발암성 2, Skin",106-87-6
260,108-05-4,비닐 아세테이트,Vinyl acetate,CH3COOCHCH2,10,-,15,-,[108-05-4] 발암성 2,108-05-4
261,25013-15-4,비닐 톨루엔,Vinyl toluene,CH3C6H4CHCH2,50,-,-,-,[25013-15-4] ,25013-15-4
262,7440-38-2,비소 및 그 무기화합물,"Arsenic & inorganic compounds, as As",As,-,0.01,-,-,[7440-38-2] 발암성 1A,7440-38-2
263,542-88-1,비스-(클로로메틸)에테르,bis-(Chloromethyl)ether,O(CH2Cl)2,0.001,-,-,-,[542-88-1] 발암성 1A ,542-88-1
264,92-52-4,비페닐,Biphenyl,C12H10,0.2,-,-,-,[92-52-4] ,92-52-4
265,79-27-6,사브롬화 아세틸렌,Acetylene tetrabromide,CHBr2CHBr2,1,-,-,-,[79-27-6] ,79-27-6
266,558-13-4,사브롬화 탄소,Carbon tetrabromide,CBr4,0.1,-,0.3,-,[558-13-4] ,558-13-4
267,20816-12-0,사산화 오스뮴,"Osmium tetroxide, as Os",OsO4,0.0002,-,0.0006,-,[20816-12-0] ,20816-12-0
268,56-23-5,사염화탄소,Carbon tetrachloride,CCl4,5,-,-,-,"[56-23-5] 발암성 1B, Skin",56-23-5
269,14808-60-7,산화규소(결정체 석영),Silica(Crystalline quartz)(Respirable fraction),SiO2,-,0.05,-,-,"[14808-60-7] 발암성 1A, 호흡성",14808-60-7
270,14464-46-1,산화규소(결정체 크리스토바라이트),Silica(Crystalline cristobalite)(Respirable fraction),SiO2,-,0.05,-,-,"[14464-46-1] 발암성 1A, 호흡성",14464-46-1
271,15468-32-3,산화규소(결정체 트리디마이트),Silica(Crystalline tridymite)(Respirable fraction),SiO2,-,0.05,-,-,"[15468-32-3] 발암성 1A, 호흡성",15468-32-3
272,1317-95-9,산화규소(결정체 트리폴리),Silica(Crystalline tripoli)(Respirable fraction),SiO2,-,0.1,-,-,"[1317-95-9] 발암성 1A, 호흡성",1317-95-9
273,60676-86-0,"산화규소(비결정체 규소, 용융된)","Silica(Amorphous silica, fused)(Respirable fraction)",SiO2,-,0.1,-,-,[60676-86-0] 호흡성,60676-86-0
274,61790-53-2,산화규소(비결정체 규조토),Silica(Amorphous diatomaceous earth),SiO2,-,10,-,-,[61790-53-2] ,61790-53-2
275,112926-00-8,산화규소(비결정체 침전된 규소),Silica(Amorphous precipitated silica),SiO2,-,10,-,-,[112926-00-8] ,112926-00-8
276,112926-00-8,산화규소(비결정체 실리카겔),Silica(Amorphous silicagel),SiO2,-,10,-,-,[112926-00-8] ,112926-00-8
277,1309-48-4,산화마그네슘,Magnesium oxide,MgO,-,10,-,-,[1309-48-4] ,1309-48-4
278,141-79-7,산화 메시틸,Mesityl oxide,CH3COCHC(CH3)2,15,-,25,-,[141-79-7] ,141-79-7
279,1303-86-2,산화 붕소,Boron oxide,B2O3,-,10,-,-,[1303-86-2] 생식독성 1B,1303-86-2
280,1314-13-2,산화아연 분진,Zinc oxide(Respirable fraction),ZnO,-,2,-,-,[1314-13-2] 호흡성,1314-13-2
281,1314-13-2,산화아연,Zinc oxide,ZnO,-,5,-,10,[1314-13-2] ,1314-13-2
282,1344-28-1,산화 알루미늄(금속분진),Aluminum oxide,Al2O3,,10,,,[1344-28-1] 알파-알루미나 참조,1344-28-1
,1344-28-1,"산화 알루미늄(용접흄, 피로파우더)",Aluminum oxide,Al2O3,,5,,,[1344-28-1] 알파-알루미나 참조,1344-28-1
283,75-21-8,산화 에틸렌,Ethylene oxide,(CH2)2O,1,-,-,-,"[75-21-8] 발암성 1A, 생식세포 변이원성 1B",75-21-8
284,7440-31-5,산화주석 및 무기화합물,"Tin oxide & Inorganic compounds except SnH4, as Sn",Sn/SnCl2/SnCl4/SnSO4/K2SnO3․3H2O,-,2,-,-,[7440-31-5] Skin,7440-31-5
285,1309-37-1,산화철,"Iron oxide, as Fe",Fe2O3,-,5,-,-,[1309-37-1] ,1309-37-1
286,1309-37-1,산화철(흄),"Iron oxide(Fume, as Fe)",Fe2O3,-,5,-,-,[1309-37-1] ,1309-37-1
287,1305-78-8,산화칼슘,Calcium oxide,CaO,-,2,-,-,[1305-78-8] ,1305-78-8
288,75-56-9,산화프로필렌,Propylene oxide,CH3CHOCH2,2,,,,"[75-56-9] 1, 2-에폭시프로판 참조",75-56-9
289,1189-85-1,삼차부틸크롬산,"tert-Butyl chromate, as CrO3",[(CH3)3CO]2CrO2,-,-,-,C0.1,"[1189-85-1] 발암성 1A, Skin",1189-85-1
290,7637-07-2,삼불화붕소,Boron trifluoride,BF3,-,-,C1,-,[7637-07-2] ,7637-07-2
291,7790-91-2,삼불화염소,Chlorine trifluoride,ClF3,-,-,C0.1,-,[7790-91-2] ,7790-91-2
292,7783-54-2,삼불화질소,Nitrogen trifluoride,NF3,10,-,,,[7783-54-2] ,7783-54-2
293,10294-33-4,삼브롬화붕소,Boron tribromide,BBr3,-,-,C1,-,[10294-33-4] ,10294-33-4
294,1309-64-4,삼산화 안티몬(취급 및 사용물),"Antimony trioxide(Handling & use, as Sb)",Sb2O3,-,0.5,-,-,[1309-64-4] 발암성 2,1309-64-4
295,1309-64-4,삼산화 안티몬(생산),Antimony trioxide(Production),Sb2O3,-,-,-,-,[1309-64-4] 발암성 1B,1309-64-4
296,7784-42-1,삼수소화 비소,Arsine,AsH3,0.005,-,-,-,[7784-42-1] ,7784-42-1
297,13397-24-5,석고,Gypsum(Inhalable fraction),CaSO4․2H2O,-,10,-,-,[13397-24-5] 흡입성,13397-24-5
298,-,석면(모든 형태),Asbestos(All forms),-,-,0.1개/cm3,-,-,발암성 1A,-
299,-,석탄분진,Coal dust(Respirable fraction),-,-,1,-,-,호흡성,-
300,1317-65-3,석회석,Lime stone,-,-,10,-,-,[1317-65-3] ,1317-65-3
301,2699-79-8,설퍼릴 플루오라이드,Sulfuryl fluoride,SO2F2,5,-,10,-,[2699-79-8] ,2699-79-8
302,10025-67-9,설퍼 모노클로라이드,Sulfur monochloride,S2Cl2,-,-,C1,-,[10025-67-9] ,10025-67-9
303,7783-60-0,설퍼 테트라플루오라이드,Sulfur tetrafluoride,SF4,-,-,C0.1,-,[7783-60-0] ,7783-60-0
304,5714-22-7,설퍼 펜타플루오라이드,Sulfur pentafluoride,S2F10,-,-,C0.01,-,[5714-22-7] ,5714-22-7
305,3689-24-5,설포텝,Sulfotep,(C2H5)4P2S2O5,-,0.2,-,-,[3689-24-5] Skin,3689-24-5
306,35400-43-2,설프로포스,Sulprofos,C12H19O2PS3,-,1,-,-,[35400-43-2] Skin,35400-43-2
307,136-78-7,B,Sesone,C8H7Cl2NaO5S,-,10,-,-,[136-78-7] ,136-78-7
308,21351-79-1,세슘하이드록시드,Cesium hydroxide,CsOH,-,2,-,-,[21351-79-1] ,21351-79-1
309,7782-49-2,셀레늄 및 그 화합물,Selenium and compounds,Se/Na2SeO3/Na2SeO4/SeO2SeOCl2,-,0.2,-,-,[7782-49-2] ,7782-49-2
310,9004-34-6,셀루로우즈,Cellulose(paper fiber),(C6H10O5)n,-,10,-,-,[9004-34-6] ,9004-34-6
311,136-78-7,"소디움 2,4-디클로로페녹시에틸 설페이트","Sodium 2,4-dichlorophenoxyethylsulfate",C8H7Cl2NaO5S,,10,,,[136-78-7] 세손 참조,136-78-7
312,7681-57-4,소디움 메타바이설파이트,Sodium metabisulfite,Na2S2O5,-,5,-,-,[7681-57-4] ,7681-57-4
313,7631-90-5,소디움 비설파이트,Sodium bisulfite,NaHSO3,-,5,-,-,[7631-90-5] ,7631-90-5
314,26628-22-8,소디움 아지이드,Sodium azide,NaN3,-,-,-,C0.29,[26628-22-8] ,26628-22-8
315,62-74-8,소디움 풀루오로아세테이트,Sodium fluoroacetate,CH2FCOONa,-,0.05,-,0.15,[62-74-8] Skin,62-74-8
316,10034-76-1,소석고,Plaster of Pariss(Inhalable fraction),-,-,10,-,-,[10034-76-1] 흡입성,10034-76-1
317,14807-96-6,소우프스톤,Soapstone,3MgO․4SiO2․H2O,-,6,-,-,[14807-96-6] ,14807-96-6
318,14807-96-6,소우프스톤,Soapstone(Respirable fraction),3MgO․4SiO2․H2O,-,3,-,-,[14807-96-6] 호흡성,14807-96-6
319,1310-73-2,수산화나트륨,Sodium hydroxide,NaOH,-,-,-,C2,[1310-73-2] ,1310-73-2
320,1310-58-3,수산화 칼륨,Potassium hydroxide,KOH,-,-,-,C2,[1310-58-3] ,1310-58-3
321,1305-62-0,수산화 칼슘,Calcium hydroxide,Ca(OH)2,-,5,-,-,[1305-62-0] ,1305-62-0
322,75-59-2,수산화테트라메틸암모늄,Tetramethylammonium hydroxide,C4H13NO,-,1,-,-,[75-59-2] ,75-59-2
323,7439-97-6,수은(아릴화합물),Mercury(Aryl compounds),Hg,-,0.1,-,-,[7439-97-6] Skin,7439-97-6
324,7439-97-6,수은 및 무기형태(아릴 및 알킬 화합물 제외),Mercury elemental and inorganic form(All forms except aryl & alkyl compounds),Hg,-,0.025,-,-,"[7439-97-6] 생식독성 1B, Skin",7439-97-6
325,7439-97-6,수은(알킬화합물),Mercury(Alkyl compounds),Hg,-,0.01,-,0.03,[7439-97-6] Skin,7439-97-6
326,8052-41-3,스토다드 용제,Stoddard solvent,C9~C11 paraffn(85%) + aromatics(15%),100,-,-,-,"[8052-41-3] 발암성 1B, 생식세포 변이원성 1B(벤젠 0.1% 이상인 경우에 한정함)",8052-41-3
327,7789-06-2,스트론티움크로메이트,Strontium chromate,C2H2O4․Sr,-,0.0005,-,-,[7789-06-2] 발암성 1A ,7789-06-2
328,57-24-9,스트리치닌,Strychnine,C21H22N2O2,-,0.15,-,-,[57-24-9] ,57-24-9
329,100-42-5,스티렌,Styrene,C6H5CHCH2,20,-,40,-,"[100-42-5] 발암성 2, 생식독성 2, Skin",100-42-5
330,7803-52-3,스티빈,Stibine,SbH3,0.1,-,-,-,[7803-52-3] ,7803-52-3
331,8065-48-3,시스톡스,Systox,(C2H5O)2PSOC2H4SC2H5,,0.1,,,[8065-48-3] 데미톤 참조,8065-48-3
332,460-19-5,시아노겐,Cyanogen,(CN)2,10,-,-,-,[460-19-5] ,460-19-5
333,420-04-2,시안아미드,Cyanamide,H2NCN,-,2,-,-,[420-04-2] ,420-04-2
334,143-33-9,시안화 나트륨,Sodium cyanide,NaCN,-,3,-,5,[143-33-9] Skin,143-33-9
335,107-13-1,시안화 비닐,Vinyl cyanide,CH2CHCN,2,,,,[107-13-1] 아크릴로니트릴 참조,107-13-1
336,74-90-8,시안화 수소,Hydrogen cyanide,HCN,-,-,C4.7,-,[74-90-8] Skin,74-90-8
337,151-50-8,시안화 칼륨,Potassium cyanide,KCN,,5,,,[151-50-8] 시안화합물 참조,151-50-8
338,151-50-8,시안화합물,"Cyanides, as CN",KCN/Ca(CN)2,-,5,-,-,[151-50-8] Skin,151-50-8
338,592-01-8,시안화합물,"Cyanides, as CN",KCN/Ca(CN)2,-,5,-,-,[592-01-8] Skin,592-01-8
339,121-82-4,시클로나이트,Cyclonite,C3H6N6O6,-,0.5,-,-,[121-82-4] Skin,121-82-4
340,542-92-7,시클로펜타디엔,Cyclopentadiene,C5H6,75,-,-,-,[542-92-7] ,542-92-7
341,287-92-3,시클로펜탄,Cyclopentane,C5H10,600,-,-,-,[287-92-3] ,287-92-3
342,108-94-1,시클로헥사논,Cyclohexanone,C6H11O,25,-,50,-,"[108-94-1] 발암성 2, Skin",108-94-1
343,108-93-0,시클로헥사놀,Cyclohexanol,C6H11OH,50,-,-,-,[108-93-0] Skin,108-93-0
344,110-82-7,시클로헥산,Cyclohexane,C6H12,200,-,-,-,[110-82-7] ,110-82-7
345,110-83-8,시클로헥센,Cyclohexene,C6H10,300,-,-,-,[110-83-8] ,110-83-8
346,108-91-8,시클로헥실아민,Cyclohexylamine,C6H11NH2,10,-,-,-,[108-91-8] 생식독성 2,108-91-8
347,13121-70-5,시헥사틴,Cyhexatin,C18H34OSn,-,5,-,-,[13121-70-5] ,13121-70-5
348,7803-62-5,실레인,Silane,SiH4,5,-,-,-,[7803-62-5] ,7803-62-5
349,7440-21-3,실리콘,Silicon,Si,-,10,-,-,[7440-21-3] ,7440-21-3
350,409-21-2,실리콘 카바이드,Silicon carbide,SiC,-,10,-,-,[409-21-2] 발암성 1B1{섬유상(수염형태 결정 포함) 물질에 한정함},409-21-2
351,7803-62-5,실리콘 테트라하이드라이드,Silicon tetrahydride,SiH4,,5,,,[7803-62-5] 실레인 참조,7803-62-5
352,29191-52-4,"아니시딘(오쏘, 파라-이성체)","Anisidine(o, p-isomers)",NH2C6H4OCH3,-,0.5,-,-,[29191-52-4] Skin,29191-52-4
353,62-53-3,아닐린과 아닐린 동족체,Aniline & homologues,C6H5NH2,2,-,-,-,"[62-53-3] 발암성 2, 생식세포 변이원성 2, Skin",62-53-3
354,92-67-1,4-아미노디페닐,4-Aminodiphenyl,C6H5C6H4NH2,-,-,-,-,"[92-67-1] 발암성 1A, Skin",92-67-1
355,141-43-5,2-아미노에탄올,2-Aminoethanol,HOCH2CH2NH2,3,,6,,[141-43-5] 에탄올 아민 참조,141-43-5
356,61-82-5,"3-아미노-1,2,4-트리아졸(또는 아미트롤)","3-Amino-1,2,4-triazole(or Amitr",-,-,0.2,-,-,"[61-82-5] 발암성 2, 생식독성 2",61-82-5
357,504-29-0,2-아미노피리딘,2-Aminopyridine,NH2C5H4N,0.5,-,-,-,[504-29-0] ,504-29-0
358,7784-40-9,아세네이트 연,"Lead arsenate, as Pb(AsO4)2",Pb3HAsO4,-,0.05,-,-,"[7784-40-9] 발암성 1A, 생식독성 1A",7784-40-9
359,75-05-8,아세토니트릴,Acetonitrile,CH3CN,20,-,-,-,[75-05-8] Skin,75-05-8
360,67-64-1,아세톤,Acetone,CH3COCH3,500,-,750,-,[67-64-1] ,67-64-1
361,75-86-5,아세톤시아노히드린,Acetone cyanohydrin,(CH3)2C(OH)CN,-,-,C4.7,-,"[75-86-5] 노출기준 고시자료 : C4.7ppm, 공단 : 4.7mg/m3",75-86-5
362,75-07-0,아세트알데히드,Acetaldehyde,CH3CHO,50,-,150,-,[75-07-0] 발암성 1B,75-07-0
363,50-78-2,아세틸살리실산,Acetylsalicylic acid(Aspirin),C9H8O4,-,5,-,-,[50-78-2] ,50-78-2
364,8052-42-4,아스팔트 흄 (벤젠 추출물),Asphalt(Bitumen)fumes(as benzene soluble aerosol) (Inhalable fraction),-,-,0.5,-,-,"[8052-42-4] 발암성 2, 흡입성",8052-42-4
365,557-05-1,아연 스테아린산,Zinc stearate(Inhalable fraction),Zn(C18H35O2)2,-,10,-,-,[557-05-1] 흡입성,557-05-1
366,86-50-0,아진포스 메틸,methyl(Inhalable fraction and vapor),C10H12N3O3PS2,-,0.2,-,-,"[86-50-0] Skin, 흡입성 및 증기",86-50-0
367,107-02-8,아크로레인,Acrolein,CH2CHCHO,0.1,-,0.3,-,[107-02-8] Skin,107-02-8
368,107-13-1,아크릴로니트릴,Acrylonitrile,CH2CHCN,2,-,-,-,"[107-13-1] 발암성 1B, Skin",107-13-1
369,79-10-7,아크릴 산,Acrylic acid,CH2CHCOOH,2,-,-,-,[79-10-7] Skin,79-10-7
370,79-06-1,아크릴아미드,Acrylamide(Inhalable fraction and vapor),CH2CHCONH2,-,0.03,-,-,"[79-06-1] 발암성 1B, 생식세포 변이원성 1B, 생식독성 2, Skin, 흡입성 및 증기",79-06-1
371,1912-24-9,아트라진,Atrazine,C8H14CIN5,-,5,-,-,[1912-24-9] 발암성 2,1912-24-9
372,12035-72-2,아황화니켈,Nickel subsulfide(Inhalable fraction),Ni3S2,-,0.1,-,-,"[12035-72-2] 발암성 1A, 생식세포 변이원성 2, 흡입성",12035-72-2
373,7440-36-0,안티몬과 그 화합물,"Antimony & compounds, as Sb",Sb,-,0.5,-,-,[7440-36-0] ,7440-36-0
374,309-00-2,알드린,Aldrin,Cl2H8Cl6,-,0.25,-,-,"[309-00-2] 발암성 2, Skin",309-00-2
375,7429-90-5,알루미늄(가용성 염),Aluminum(Soluble salts),Al,-,2,-,-,[7429-90-5] ,7429-90-5
376,7429-90-5,알루미늄(금속분진),Aluminum(Metal dust),Al,-,10,-,-,[7429-90-5] ,7429-90-5
377,7429-90-5,알루미늄(알킬),Aluminum(Alkyls),Al,-,2,-,-,[7429-90-5] ,7429-90-5
378,7429-90-5,알루미늄(용접 흄),Aluminum(Welding fumes),Al,-,5,-,-,[7429-90-5] ,7429-90-5
379,7429-90-5,알루미늄(피로파우더),Aluminum(Pyropowders),Al,-,5,-,-,[7429-90-5] ,7429-90-5
380,106-92-3,알릴글리시딜에테르,Allyl glycidyl ether(AGE),CH2CHCH2OC3H5O,1,-,-,-,"[106-92-3] 발암성 2, 생식세포 변이원성 2, 생식독성 2, Skin",106-92-3
381,107-18-6,알릴 알코올,Allyl alcohol,CH2CHCH2OH,0.5,-,4,-,[107-18-6] Skin,107-18-6
382,2179-59-1,알릴프로필 디설파이드,Allylpropyl disulfide,CH2CHCH2S2C3H7,0.5,-,-,-,[2179-59-1] ,2179-59-1
383,134-32-7,알파나프틸아민,α-Naphthyl amine,C10H7NH2,-,0.006,-,-,[134-32-7] 발암성 2,134-32-7
384,86-88-4,알파-나프틸티오우레아,α-Naphthylthiourea(ANTU),C11H10N2S,-,0.3,-,-,"[86-88-4] 발암성 2, Skin",86-88-4
385,98-83-9,알파-메틸 스티렌,α-Methyl styrene,C6H5C(CH3)=CH2/C9H10,50,-,100,-,[98-83-9] 발암성 2,98-83-9
386,1344-28-1,알파-알루미나,α-Alumina,Al2O3,-,10,-,-,[1344-28-1] ,1344-28-1
387,532-27-4,알파-클로로아세토페논,α-Chloroacetophenone,C6H5COCH2Cl,0.05,-,-,-,[532-27-4] ,532-27-4
388,7773-06-0,암모늄 설파메이트,Ammonium sulfamate,NH2SO3NH4,-,10,-,-,[7773-06-0] ,7773-06-0
389,7664-41-7,암모니아,Ammonia,NH3,25,-,35,-,[7664-41-7] ,7664-41-7
390,68476-85-7,액화 석유가스,L.P.G(Liquified petroleum gas),C3H6/C3H8/C4H8/C4H10,1000,-,-,-,"[68476-85-7] 발암성 1A, 생식세포 변이원성 1B (부타디엔 0.1%이상인 경우에 한정함)",68476-85-7
391,1302-74-5,에머리,Emery,-,-,10,-,-,[1302-74-5] ,1302-74-5
392,75-08-1,에탄 에티올,Ethanethiol,C2H5SH,0.5,-,-,-,[75-08-1] ,75-08-1
394,141-43-5,에탄올아민,Ethanolamine,HOCH2CH2NH2,3,-,6,-,[141-43-5] ,141-43-5
395,110-80-5,2-에톡시에탄올,2-Ethoxyethanol,C2H5OCH2CH2OH,5,-,-,-,"[110-80-5] 생식독성 1B, Skin",110-80-5
396,111-15-9,2-에톡시에틸아세테이트,2-Ethoxyethyl acetate,C2H5OCH2CH5OCOCH3,5,-,-,-,"[111-15-9] 생식독성 1B, Skin",111-15-9
397,563-12-2,에티온,Ethion,C9H2O4P2S2,-,0.4,-,-,[563-12-2] Skin,563-12-2
398,628-96-6,에틸렌 글리콜 디니트레이트,Ethylene glycol dinitrate,(CH2NO3)2,0.05,-,-,-,[628-96-6] Skin,628-96-6
399,112-07-2,에틸렌글리콜모노부틸 에테르아세테이트,Ethyleneglycol monobutyl etheracetate,C4H9OCH2OO-CH3,20,-,-,-,[112-07-2] 발암성 2,112-07-2
400,110-49-6,에틸렌 글리콜메틸에테르 아세테이트,Ethylene glycol methyl ether acetate,CH3COOCH2CH2OCH3,5,-,-,-,"[110-49-6] 생식독성 1B, Skin",110-49-6
401,107-21-1,에틸렌 글리콜(증기 및 미스트),Ethylene glycol(Vapor and mist),CH2OHCH2OH,-,-,-,C100,[107-21-1] ,107-21-1
402,107-15-3,에틸렌디아민,Ethylenediamine,CH2BrCH2Br,10,,,,"[107-15-3] 1,2-디아미노에탄 참조",107-15-3
403,151-56-4,에틸렌이민,Ethylenimine,(CH2)2NH,0.5,-,-,-,"[151-56-4] 발암성 1B, 생식세포 변이원성 1B, Skin",151-56-4
404,107-07-3,에틸렌 클로로하이드린,Ethylene chlorohydrin,CH3ClCH2OH,-,-,C1,-,[107-07-3] Skin,107-07-3
405,16219-75-3,에틸리덴 노보르닌,Ethylidene norbornene,C9H12,-,-,C5,-,[16219-75-3] ,16219-75-3
406,75-08-1,에틸 멀캡탄,Ethyl mercaptan,C2H5SH,,,,,[75-08-1] ,75-08-1
407,100-41-4,에틸 벤젠,Ethyl benzene,C2H5C6H5,100,-,125,-,[100-41-4] 발암성 2,100-41-4
408,106-35-4,에틸 부틸 케톤,Ethyl butyl ketone,C2H5COC4H9,50,-,-,-,[106-35-4] ,106-35-4
409,78-10-4,에틸 실리케이트,Ethyl silicate,(C2H5O)Si/(CH2H5)4SiO4,10,-,-,-,[78-10-4] ,78-10-4
410,75-04-7,에틸 아민,Ethyl amine,C2H5NH2,5,-,15,-,[75-04-7] Skin,75-04-7
411,541-85-5,에틸 아밀 케톤,Ethyl amyl ketone,C8H16O,25,-,-,-,[541-85-5] ,541-85-5
412,140-88-5,에틸 아크릴레이트,Ethyl acrylate,CH2CHCOOC2H5,5,-,-,-,[140-88-5] 발암성 2,140-88-5
413,64-17-5,에틸 알코올,Ethyl alcohol,C2H5OH,1000,-,-,-,[64-17-5] 발암성 1A (알코올 음주에 한정함),64-17-5
414,60-29-7,에틸 에테르,Ethyl ether,C2H5OC2H5,400,,500,,[60-29-7] 디에틸 에테르 참조,60-29-7
415,75-56-9,"1,2-에폭시프로판","1,2-Epoxypropane",CH3CHOCH2,2,-,-,-,"[75-56-9] 발암성 1B, 생식세포 변이원성 1B",75-56-9
416,556-52-5,"2,3-에폭시-1-프로판올","2,3-Epoxy-1-propanol",C3H6O2,2,-,-,-,"[556-52-5] 발암성 1B, 생식세포 변이원성 2, 생식독성 1B",556-52-5
417,106-89-8,에피클로로히드린,Epichlorohydrin,C3H5OCl,0.5,-,-,-,"[106-89-8] 발암성 1B, Skin",106-89-8
418,115-29-7,엔도설판,Endosulfan(Inhalable fraction and vapor),C9H6Cl6O3S,-,0.1,-,-,"[115-29-7] Skin, 흡입성 및 증기",115-29-7
419,72-20-8,엔드린,Endrin,C12H8Cl6O,-,0.1,-,-,[72-20-8] Skin,72-20-8
420,7782-50-5,염소,Chlorine,Cl2,0.5,-,1,- ,[7782-50-5] ,7782-50-5
421,75-35-4,염소화 비닐리덴,Vinylidene chloride,CH2CCl2,5,,20,,"[75-35-4] 1,1-디클로로에틸렌 참조",75-35-4
422,55720-99-5,염소화 산화디페닐,Chlorinated diphenyloxide,C12H4Cl6O,-,0.5,-,2,[55720-99-5] ,55720-99-5
423,8001-35-2,염소화 캄펜,Chlorinated camphene,C10H10Cl8,-,0.5,-,1,"[8001-35-2] 발암성 2, Skin",8001-35-2
424,75-09-2,염화 메틸렌,Methylene chloride,CH2Cl2,50,,,,[75-09-2] 디클로로메탄 참조,75-09-2
425,100-44-7,염화 벤질,Benzyl chloride,C6H5CH2Cl,1,-,-,-,[100-44-7] 발암성 1B,100-44-7
426,75-01-4,염화 비닐,Vinyl chloride,CH2CHCl,1,,,,[75-01-4] 클로로에틸렌 참조,75-01-4
427,7647-01-0,염화 수소,Hydrogen chloride,HCl,1,-,2,-,[7647-01-0] ,7647-01-0
428,506-77-4,염화 시아노겐,Cyanogen chloride,CClN,-,-,C0.3,-,[506-77-4] ,506-77-4
429,7646-85-7,염화 아연 흄,Zinc chloride fume,ZnCl2,-,1,-,2,[7646-85-7] ,7646-85-7
430,107-05-1,염화 알릴,Allyl chloride,CH2CHCH2Cl,1,-,2,-,"[107-05-1] 발암성 2, 생식세포 변이원성 2, Skin",107-05-1
431,12125-02-9,염화 암모늄 흄,Ammonium chloride fume,NH4Cl,-,10,-,20,[12125-02-9] ,12125-02-9
432,75-00-3,염화 에틸,Ethyl chloride,C2H5Cl,1000,-,-,-,"[75-00-3] 발암성 2, Skin",75-00-3
433,107-06-2,염화 에틸리덴,Ethylidene chloride,CH3CHCl2,10,-,-,-,[107-06-2] 발암성 1B,107-06-2
434,7719-09-7,염화 티오닐,Thionyl chloride,SOCl2,-,-,C0.2,-,[7719-09-7] ,7719-09-7
435,89-72-5,오쏘-이차-부틸페놀,o-sec-Butylphenol,C2H5(CH3)CHC6H4OH,5,-,-,-,[89-72-5] Skin,89-72-5
436,95-50-1,오쏘-디클로로벤젠,o-Dichlorobenzene,C6H4Cl2,25,-,50,-,[95-50-1] ,95-50-1
437,583-60-8,오쏘-메틸시클로헥사논,o-Methylcyclohexanone,C7H12O,50,-,75,-,[583-60-8] Skin,583-60-8
438,2698-41-1,오쏘-클로로벤질리덴 말로노니트릴,o-Chlorobenzylidene malononitrile,ClC6H4CHC(CN)2,-,-,C0.05,-,[2698-41-1] Skin,2698-41-1
439,2039-87-4,오쏘-클로로스티렌,o-Chlorostyrene,C8H7Cl,50,-,75,-,[2039-87-4] ,2039-87-4
440,95-49-8,오쏘-클로로톨루엔,o-Chlorotoluene,C6H4CH3Cl,50,-,75,-,[95-49-8] ,95-49-8
441,95-53-4,오쏘-톨루이딘,o-Toluidine,CH3C6H4NH2,2,-,-,-,"[95-53-4] 발암성 1A, Skin",95-53-4
442,119-93-7,오쏘-톨리딘,o-Tolidine,(CH3C6H3NH2)2,-,-,-,-,"[119-93-7] 발암성 1B, Skin",119-93-7
443,91-15-6,오쏘-프탈로디니트릴,o-Phthalodinitrile(Inhalable fraction and vapor),C6H4(NH2)2,-,1,-,-,[91-15-6] 흡입성 및 증기,91-15-6
444,7789-30-2,오불화 브롬,Bromine pentafluoride,BrF5,0.1,-,-,-,[7789-30-2] ,7789-30-2
445,1314-62-1,오산화바나듐,Vanadium pentoxide(Inhalable fraction),V2O5,-,0.05,-,-,"[1314-62-1] 발암성 2, 생식세포 변이원성 2, 생식독성 2, 흡입성",1314-62-1
446,13463-40-6,오카르보닐 철(펜타카르보닐철),"Iron pentacarbonyl, as Fe",Fe(CO)5,0.1,-,0.2,-,[13463-40-6] ,13463-40-6
447,10028-15-6,오존,Ozone,O3,0.08,-,0.2,-,[10028-15-6] ,10028-15-6
448,144-62-7,옥살산,Oxalic acid,HOOCCOOH․2H2O,-,1,-,2,[144-62-7] ,144-62-7
449,2234-13-1,옥타클로로나프탈렌,Octachloronaphthalene,C10Cl8,-,0.1,-,0.3,[2234-13-1] Skin,2234-13-1
450,111-65-9,옥탄,Octane,C8H18,300,-,375,-,[111-65-9] ,111-65-9
451,81-81-2,와파린,Warfarin,C19H16O4,-,0.1,-,-,"[81-81-2] 생식독성 1A, Skin",81-81-2
452,7553-56-2,요오드 및 요오드화물,Iodine and iodides(Inhalable fraction and vapor),I2,0.01,-,0.1,-,[7553-56-2] 흡입성 및 증기,7553-56-2
453,75-47-8,요오드포름,Iodoform,CHI3,0.6,-,-,-,[75-47-8] ,75-47-8
454,74-88-4,요오드화 메틸,Methyl iodide,CH3I ,2,-,-,-,"[74-88-4] 발암성 2, Skin",74-88-4
455,-,용접 흄 및 분진,Welding fumes and dust,-,-,5,-,-,발암성 2,-
456,7440-61-1,우라늄(가용성 및 불용성 화합물),"Uranium(Soluble & insoluble compounds, as U)",U/U3O8/UF4/UH3/UF6/UO2(NO3)2․6H2O/UO2SO4․3H2O,-,0.2,-,0.6,[7440-61-1] 발암성 1A,7440-61-1
457,12001-26-2,운모,Mica(Respirable fraction),-,-,3,-,-,[12001-26-2] 호흡성,12001-26-2
458,-,유리 섬유 분진,Fibrous glass dust,-,-,5,-,-,-,-
459,7783-79-1,육불화 셀레늄,"Selenium hexafluoride, as Se",SeF6,0.05,-,-,-,[7783-79-1] ,7783-79-1
460,7783-80-4,육불화 텔레늄,"Tellurium hexafluoride, as Te",TeF6,0.02,-,-,-,[7783-80-4] ,7783-80-4
461,2551-62-4,육불화 황,Sulfur hexafluoride,SF6,1000,-,-,-,[2551-62-4] ,2551-62-4
462,7440-22-4,은(가용성 화합물),"Silver(Soluble compounds, as Ag)",AgNO3/AgF,-,0.01,-,-,[7440-22-4] ,7440-22-4
463,7440-22-4,"은(금속, 분진 및 흄)","Silver(Metal, dust and fume)",Ag,-,0.1,-,-,[7440-22-4] ,7440-22-4
464,7783-41-7,이불화산소,Oxygen difluoride,OF2,-,-,C0.05,-,[7783-41-7] ,7783-41-7
465,106-93-4,이브롬화 에틸렌,Etylene dibromide,NH2CH2CH2NH2,,0,,,"[106-93-4] 1,2-디브로모에탄 참조",106-93-4
466,10049-04-4,이산화염소,Chlorine dioxide,ClO2,0.1,-,0.3,-,[10049-04-4] ,10049-04-4
467,10102-44-0,이산화질소,Nitrogen dioxide,NO2/N2O4,3,-,5,-,[10102-44-0] ,10102-44-0
468,124-38-9,이산화탄소,Carbon dioxide,CO2,5000,-,30000,-,[124-38-9] ,124-38-9
469,13463-67-7,이산화티타늄,Titanium dioxide,TiO2,-,10,-,-,[13463-67-7] 발암성 2,13463-67-7
470,7446-09-5,이산화 황,Sulfur dioxide,SO2,2,-,5,-,[7446-09-5] ,7446-09-5
471,78-83-1,이소부틸 알코올,Isobutyl alcohol,(CH3)2CHCH2OH,50,-,-,-,[78-83-1] ,78-83-1
472,123-51-3,이소아밀 알코올,Isoamyl alcohol,(CH3)2CHCH2OH,100,-,125,-,[123-51-3] ,123-51-3
473,26952-21-6,이소옥틸 알코올,Isooctyl alcohol,C7H15CH2OH,50,-,-,-,[26952-21-6] Skin,26952-21-6
474,78-59-1,이소포론,Isophorone,C9H14O,-,-,C5,-,[78-59-1] 발암성 2,78-59-1
475,4098-71-9,이소포론 디이소시아네이트,Isophorone diisocyanate,C12H18N2O2,0.005,-,-,-,[4098-71-9] Skin,4098-71-9
476,109-59-1,이소프로폭시에탄올,Isopropoxyethanol,(CH3)2CHOCH2CH2OH,25,-,-,-,[109-59-1] Skin,109-59-1
477,4016-14-2,이소프로필 글리시딜 에테르,Isopropyl glycidyl ether(IGE),C6H12O2,50,-,75,-,[4016-14-2] ,4016-14-2
478,75-31-0,이소프로필아민,Isopropylamine,(CH3)2CHNH3,5,-,10,-,[75-31-0] ,75-31-0
479,67-63-0,이소프로필 알코올,Isopropyl alcohol,CH3CHOHCH3,200,-,400,-,[67-63-0] ,67-63-0
480,108-20-3,이소프로필 에테르,Isopropyl ether,[(CH3)2CH]2O,250,-,310,-,[108-20-3] ,108-20-3
481,540-59-0,이염화아세틸렌,Acetylene dichloride,CHClCHCl,200,,,,"[540-59-0] 1,2-디클로로에틸렌 참조",540-59-0
482,107-06-2,이염화 에틸렌,Ethylene dichloride,ClCHCHCl,10,-,-,-,[107-06-2] 발암성 1B,107-06-2
483,7440-65-5,이트리움(금속 및 화합물),"Yttrium(Metal & compounds, as Y)",Y/Y(NO3)3․6H2O/YCl3/Y2O3,-,1,-,-,[7440-65-5] ,7440-65-5
484,2104-64-5,이피엔,EPN(Inhalable fraction),C14H14NO4PS,-,0.1,-,-,"[2104-64-5] Skin, 흡입성",2104-64-5
485,75-15-0,이황화탄소,Carbon disulfide ,CS2,1,-,-,-,"[75-15-0] 생식독성 2, Skin",75-15-0
486,12185-10-3,인(황색),Phosphorus(yellow),P4,-,0.1,-,-,[12185-10-3] ,12185-10-3
487,95-13-6,인덴,Indene,C9H8,10,-,-,-,[95-13-6] ,95-13-6
488,7440-74-6,인듐 및 그 화합물,"Indium & compounds, as In(Indium & compounds as Fume) (Respirable fraction)",In,-,0.01,-,-,[7440-74-6] 호흡성,7440-74-6
489,7664-38-2,인산,Phosphoric acid,H3PO4,-,1,-,3,[7664-38-2] ,7664-38-2
490,10102-43-9,일산화질소,Nitric monoxide,NO,25,-,-,-,[10102-43-9] ,10102-43-9
491,630-08-0,일산화탄소,Carbon monoxide,CO,30,-,200,-,[630-08-0] 생식독성 1A,630-08-0
492,57-50-1,자당,Sucrose,C12H22O11,-,10,-,-,[57-50-1] ,57-50-1
493,546-93-0,자철광,Magnesite,MgCO3,-,10,-,-,[546-93-0] ,546-93-0
494,9005-25-8,전분,Starch,(C6H10O5)n,-,10,-,-,[9005-25-8] ,9005-25-8
495,7440-31-5,주석(금속),Tin(Metal),Sn,-,2,-,-,[7440-31-5] ,7440-31-5
496,7440-31-5,주석(유기화합물),"Tin(Organic compounds, as Sn)",(C4H9)2Sn(C8H15O2)/[(C4H9)3Sn]2O/(C6H5)SnCl/(C4H9)2SnCl2/(C4H9)4Sn,-,0.1,-,-,[7440-31-5] Skin,7440-31-5
497,7440-67-7,지르코늄 및 그 화합물,"Zirconium and compounds, as Zr",ZrO2/ZrOCl2․8H2O/ZrCl4/ZrH2/H2ZrO2(C2H3O2)2,-,5,-,10,[7440-67-7] ,7440-67-7
498,7697-37-2,질산,Nitric acid,HNO3,2,-,4,-,[7697-37-2] ,7697-37-2
499,12604-58-9,철바나듐 분진,Ferrovanadium dust,FeV,-,1,-,3,[12604-58-9] ,12604-58-9
500,7439-89-6,철염(가용성),"Iron salts(Soluble, as Fe)",Fe,-,1,-,-,[7439-89-6] ,7439-89-6
501,64-19-7,초산,Acetic acid,CH3COOH,10,-,15,-,[64-19-7] ,64-19-7
502,105-46-4,초산 이차-부틸,sec-Butyl acetate,CH3COOCHCH3CH2CH3,200,-,-,-,[105-46-4] ,105-46-4
503,540-88-5,초산 삼차-부틸,tert-Butyl acetate,CH3COOC(CH3)3,200,-,-,-,[540-88-5] ,540-88-5
504,626-38-0,초산 이차-아밀,sec-Amyl acetate,CH3COOCH(CH3)(CH2)CH3,50,-,100,-,[626-38-0] ,626-38-0
505,108-84-9,초산 이차-헥실,sec-Hexyl acetate,CH3COOCH(CH3)CH2CH(CH3)2,50,-,-,-,[108-84-9] ,108-84-9
506,79-20-9,초산 메틸,Methyl acetate,CH3COOCH3,200,-,250,-,[79-20-9] ,79-20-9
507,141-78-6,초산 에틸,Ethyl acetate,CH3COOC2H5,400,-,-,-,[141-78-6] ,141-78-6
508,110-19-0,초산 이소부틸,Isobutyl acetate,CH3COOCH2CH(CH3)2,150,-,187,-,[110-19-0] ,110-19-0
509,123-92-2,초산 이소아밀,Isoamyl acetate,CH3COOCH2CH2CH(CH3)2,50,-,100,-,[123-92-2] ,123-92-2
510,108-21-4,초산 이소프로필,Isopropyl acetate,CH3COOCH(CH3)2,100,-,200,-,[108-21-4] ,108-21-4
511,109-60-4,초산 프로필,n-Propyl acetate,CH3COOCH2CH2CH3,200,-,250,-,[109-60-4] ,109-60-4
512,7440-43-9,카드뮴 및 그 화합물,"Cadmium and compounds, as Cd(Respirable fraction)",Cd/CdO,-,0.01,-,-,"[7440-43-9] 발암성 1A, 생식세포 변이원성 2, 생식독성 2, 호흡성",7440-43-9
512,7440-43-9,카드뮴(호흡성),"Cadmium and compounds, as Cd(Respirable fraction)",Cd/CdO,-,0.002,-,-,"[7440-43-9] 발암성 1A, 생식세포 변이원성 2, 생식독성 2, 호흡성",7440-43-9
513,75-44-5,카르보닐 클로라이드,Carbonyl chloride,COCl2,0.1,,,,[75-44-5] 포스겐 참조,75-44-5
514,63-25-2,카바릴,Carbaryl,C12H11NO2,-,5,-,-,"[63-25-2] 발암성 2, Skin",63-25-2
515,1563-66-2,카보푸란,Carbofuran(Inhalable fraction and vapor),C12H15NO3,-,0.1,-,-,[1563-66-2] 흡입성 및 증기,1563-66-2
516,353-50-4,카보닐 플루오라이드,Carbonyl fluoride,COF2,2,-,5,-,[353-50-4] ,353-50-4
517,1333-86-4,카본블랙,Carbon black(Inhalable fraction),C,-,3.5,-,-,"[1333-86-4] 발암성 2, 흡입성",1333-86-4
518,1332-58-7,카올린,Kaoline(Respirable fraction),H2Al2Si2O8․H2O,-,2,-,-,[1332-58-7] 호흡성,1332-58-7
519,105-60-2,카프로락탐(분진),Caprolactum(Dust)(Inhalable fraction),CH2CH2CH2NHCH2CH2CO,-,1,-,3,[105-60-2] 흡입성,105-60-2
520,105-60-2,카프로락탐(증기),Caprolactum(Vapor),CH2CH2CH2NHCH2CH2CO,-,20,-,40,[105-60-2] ,105-60-2
521,120-80-9,카테콜,Catechol,C6H4(OH)2,5,-,-,-,"[120-80-9] 발암성 2, Skin",120-80-9
522,156-62-7,칼슘 시안아미드,Calcium cyanamide,CaCN,-,0.5,-,-,[156-62-7] ,156-62-7
523,13765-19-0,칼슘 크로메이트,Calcium chromate,CaCrO4,-,0.001,-,-,[13765-19-0] ,13765-19-0
524,76-22-2,캄파(인조),Camphor(Synthetic),C10H16O,2,-,3,-,[76-22-2] ,76-22-2
525,2425-06-1,캡타폴,Captafol(Inhalable fraction and vapor),C10H9Cl4NO2S,-,0.1,-,-,"[2425-06-1] 발암성 1B, Skin, 흡입성 및 증기",2425-06-1
526,133-06-2,캡탄,Captan(Inhalable fraction) ,C9H8Cl3NO2S,-,5,-,-,"[133-06-2] 발암성 2, 흡입성",133-06-2
527,8008-20-6,케로젠,Kerosene,-,-,200,-,-,"[8008-20-6] 발암성 2, Skin",8008-20-6
528,463-51-4,케텐,Ketene,CH2CO,0.5,-,1.5,-,[463-51-4] ,463-51-4
529,7440-48-4,코발트 및그 무기화합물,Cobalt and inorganic compounds,Co/CoO/Co2O3/Co3O4,-,0.02,-,-,[7440-48-4] 발암성 2,7440-48-4
530,16842-03-8,코발트 하이드로카르보닐,"Cobalt hydrocarbonyl, as Co",HCO(Co)4,-,0.1,-,-,[16842-03-8] ,16842-03-8
531,106-51-4,퀴논,Quinone,OC6H4O,0.1,,,,[106-51-4] 파라-벤조퀴논 참조,106-51-4
532,98-82-8,큐멘,Cumene,C6H5C3H7,50,-,-,-,"[98-82-8] 발암성 2, Skin",98-82-8
533,10210-68-1,코발트 카르보닐,"Cobalt carbonyl, as Co",CO2(Co)4,-,0.1,-,-,[10210-68-1] ,10210-68-1
534,106-44-5,크레졸(모든 이성체),Cresol(all isomers)(Inhalable fraction and vapor),CH3C6H4OH,-,22,-,-,"[106-44-5] Skin, 흡입성 및 증기",106-44-5
534,108-39-4,크레졸(모든 이성체),Cresol(all isomers)(Inhalable fraction and vapor),CH3C6H4OH,-,22,-,-,"[108-39-4] Skin, 흡입성 및 증기",108-39-4
534,1319-77-3,크레졸(모든 이성체),Cresol(all isomers)(Inhalable fraction and vapor),CH3C6H4OH,-,22,-,-,"[1319-77-3] Skin, 흡입성 및 증기",1319-77-3
534,95-48-7,크레졸(모든 이성체),Cresol(all isomers)(Inhalable fraction and vapor),CH3C6H4OH,-,22,-,-,"[95-48-7] Skin, 흡입성 및 증기",95-48-7
535,14977-61-8,크로밀 클로라이드,Chromyl chloride,CrO2Cl,0.025,-,-,-,"[14977-61-8] 발암성 1A, 생식세포 변이원성 1B",14977-61-8
536,4170-30-3,크로톤알데히드,Crotonaldehyde,CH3CHCHCHO,2,-,-,-,"[4170-30-3] 발암성 2, 생식세포 변이원성 2, Skin",4170-30-3
537,7440-47-3,크롬광 가공(크롬산),"Chromite ore processing(Chromate), as Cr",Cr,-,0.05,-,-,[7440-47-3] 발암성 1A ,7440-47-3
538,7440-47-3,크롬(금속),Chromium(Metal),Cr,-,0.5,-,-,[7440-47-3] ,7440-47-3
539,18540-29-9,크롬(6가)화합물(불용성무기화합물),Chromium(Ⅵ)compounds(Water insoluble inorganic compounds),Cr,-,0.01,-,-,[18540-29-9] 발암성 1A ,18540-29-9
540,18540-29-9,크롬(6가)화합물(수용성),Chromium(Ⅵ)compounds(Water soluble),Cr,-,0.05,-,-,[18540-29-9] 발암성 1A,18540-29-9
541,7758-97-6,크롬산 연,"Lead chromate, as Cr",PbCrO4,-,0.012,-,-,"[7758-97-6] 발암성 1A, 생식독성 1A",7758-97-6
542,7758-97-6,크롬산 연,"Lead chromate, as Pb",PbCrO4,-,0.05,-,-,"[7758-97-6] 발암성 1A, 생식독성 1A ",7758-97-6
543,11103-86-9,크롬산 아연,"Zinc chromates, as Cr",ZnCr2O4,-,0.01,-,-,[11103-86-9] 발암성 1A ,11103-86-9
543,13530-65-9,크롬산 아연,"Zinc chromates, as Cr",ZnCrO4,-,0.01,-,-,[13530-65-9] 발암성 1A ,13530-65-9
543,37300-23-5,크롬산 아연,"Zinc chromates, as Cr",ZnCr2O7,-,0.01,-,-,[37300-23-5] 발암성 1A ,37300-23-5
544,7440-47-3,크롬(2가)화합물,"Chromium(Ⅱ)compounds, as Cr",Cr,-,0.5,-,-,[7440-47-3] ,7440-47-3
545,7440-47-3,크롬(3가)화합물,"Chromium(Ⅲ)compounds, as Cr",Cr,-,0.5,-,-,[7440-47-3] ,7440-47-3
546,299-86-5,크루포메이트,Crufomate,C12H19CINO3P,-,5,-,20,[299-86-5] ,299-86-5
547,218-01-9,크리센,Chrysene,C18H12,-,-,-,-,"[218-01-9] 발암성 1B, 생식세포 변이원성 2",218-01-9
548,106-42-3,크실렌(모든 이성체),Xylene(all isomers),C6H4(CH3)2,100,-,150,-,[106-42-3] ,106-42-3
548,108-38-3,크실렌(모든 이성체),Xylene(all isomers),C6H4(CH3)2,100,-,150,-,[108-38-3] ,108-38-3
548,1330-20-7,크실렌(모든 이성체),Xylene(all isomers),C6H4(CH3)2,100,-,150,-,[1330-20-7] ,1330-20-7
548,95-47-6,크실렌(모든 이성체),Xylene(all isomers),C6H4(CH3)2,100,-,150,-,[95-47-6] ,95-47-6
549,1300-73-8,크실리딘,Xylidine,(CH3)2C6H3NH2,0.5,,,,[1300-73-8] 디메틸아미노벤젠 참조,1300-73-8
550,600-25-9,1-클로로-1-니트로프로판,1-Chloro-1-nitropropane,C2H5ClNO2,2,-,-,-,[600-25-9] ,600-25-9
551,53469-21-9,클로로디페닐(42% 염소),Chlorodiphenyl(42% Chlorine),C12H7Cl3,-,1,-,-,[53469-21-9] Skin,53469-21-9
552,11097-69-1,클로로디페닐(54% 염소),Chlorodiphenyl(54% Chlorine),C12H5Cl5,-,0.5,-,-,"[11097-69-1] 발암성 2, Skin",11097-69-1
553,75-45-6,클로로디플루오로메탄,Chlorodifluoromethane,CHClF2,1000,-,1250,-,[75-45-6] ,75-45-6
554,107-30-2,클로로메틸 메틸에테르,Chloromethyl methylether,C2H5ClO,-,-,-,-,[107-30-2] 발암성 1A ,107-30-2
555,55965-84-9,2-메틸-3(2H)-이소시아졸론과 5-클로로-2-메틸-3(2H)-이소시아졸론의 혼합물,"5-Chloro-2-methyl-3(2H)-isothiazolone, mixt. with 2-methyl-3(2H)-isothiazolone (Inhalable fraction)",C4H4ClNOS·C4H5NOS,-,0.1,-,-,[55965-84-9] 흡입성,55965-84-9
556,108-90-7,클로로벤젠,Chlorobenzene,C6H5Cl,10,-,20,-,[108-90-7] 발암성 2,108-90-7
557,126-99-8,"2-클로로-1,3-부타디엔","2-Chloro-1,3-butadiene",CH2CClCHCH2,10,-,-,-,"[126-99-8] 발암성 1B, Skin",126-99-8
558,74-97-5,클로로브로모메탄,Chlorobromomethane,CH2BrCl,200,,250,,[74-97-5] 브로모클로로메탄 참조,74-97-5
559,107-20-0,클로로아세트알데히드,Chloroacetaldehyde,ClCH2CHO,-,-,C1,-,[107-20-0] 발암성 2,107-20-0
560,79-11-8,클로로아세틱액시드,Chloroacetic acid(Inhalable fraction and vapor),CH2ClCOOH,-,2,-,4,[79-11-8] 흡입성 및 증기,79-11-8
561,79-04-9,클로로아세틸 클로라이드,Chloroacetyl chloride,ClCH2COCl,0.05,-,-,-,[79-04-9] Skin,79-04-9
562,106-89-8,2-클로로에탄올,2-Chloroethanol,CH2ClCH2OH,0.5,,,,[106-89-8] 에틸렌 클로로하이드린 참조,106-89-8
563,75-01-4,클로로에틸렌,Chloroethylene,CH2CHCl,1,-,-,-,[75-01-4] 발암성 1A ,75-01-4
564,106-89-8,"1-클로로-2,3-에폭시 프로판","1-Chloro-2,3-epoxy propane",C3H5OCl,0.5,,,,[106-89-8] 에피클로로히드린 참조,106-89-8
565,1929-82-4,2-클로로-6-(트리클로로메틸)피리딘,2-Chloro-6-(trichloromethyl)pyridine,C6H3Cl4N,-,10,-,20,[1929-82-4] ,1929-82-4
566,76-15-3,클로로펜타플루오로에탄,Chloropentafluoro ethane,ClCF2CF3,1000,-,-,-,[76-15-3] ,76-15-3
567,67-66-3,클로로포름,Chloroform,CHCl3,10,,,,[67-66-3] 트리클로로메탄 참조,67-66-3
568,76-06-2,클로로피크린,Chloropicrin,CCl3NO2,0.1,-,0.3,-,[76-06-2] ,76-06-2
569,57-74-9,클로르단,Chlordane,C10H6Cl8,-,0.5,-,-,"[57-74-9] 발암성 2, Skin",57-74-9
570,2921-88-2,클로르피리포스,Chlorpyrifos(Inhalable fraction and vapor),C9H11Cl3NO3PS,-,0.1,-,-,"[2921-88-2] Skin, 흡입성 및 증기",2921-88-2
571,2971-90-6,클로피돌,Clopidol,C7H7Cl2NO,-,10,-,-,[2971-90-6] ,2971-90-6
572,471-34-1,탄산칼슘,Calcium carbonate,CaCO3,-,10,-,-,[471-34-1] ,471-34-1
573,1314-61-0,탄탈륨(금속 및 산화흄),Tantalum(Metal & oxide fume),Ta/Ta2O5,-,5,-,-,[1314-61-0] ,1314-61-0
574,7440-28-0,탈륨(가용성화합물),"Thallium(Soluble compounds, as Tl)",Tl2SO4/TlC2H3O2/TlNO3,-,0.1,-,-,[7440-28-0] Skin,7440-28-0
575,26140-60-3,"터페닐(오쏘,메타,파라 이성체)","Terphenyls(o,m,p-isomers)",C18H14,-,-,-,C5,[26140-60-3] ,26140-60-3
576,8006-64-2,테레빈유,Turpentine,C10H16,20,-,-,-,[8006-64-2] ,8006-64-2
577,7440-33-7,텅스텐(가용성화합물),Tungsten(Soluble compounds)(Respirable fraction),W,-,1,-,3,[7440-33-7] 호흡성,7440-33-7
578,7440-33-7,텅스텐 및 불용성화합물,Tungsten metal and Insoluble compounds(Respirable fraction),W,-,5,-,10,[7440-33-7] 호흡성,7440-33-7
579,509-14-8,테트라니트로메탄,Tetranitromethane,C(NO2)4,1,-,-,-,[509-14-8] 발암성 2,509-14-8
580,3333-52-6,테트라메틸 숙시노니트릴,Tetramethyl succinonitrile,C8H12N2,0.5,-,-,-,[3333-52-6] Skin,3333-52-6
581,75-74-1,테트라메틸 연,"Tetramethyl lead, as Pb",(CH3)4Pb,-,0.075,-,-,"[75-74-1] 발암성 2, Skin",75-74-1
582,7722-88-5,테트라소디움피로포스페이트,Tetrasodium pyrophosphate,Na4P2O7,-,5,-,-,[7722-88-5] ,7722-88-5
583,78-00-2,테트라에틸 연,"Tetraethyl lead, as Pb",Pb(C2H5)4,-,0.075,-,-,"[78-00-2] 발암성 2 , Skin",78-00-2
584,1335-88-2,테트라클로로나프탈렌,Tetrachloronaphthalene,C10H4Cl4,-,2,-,-,[1335-88-2] ,1335-88-2
585,76-11-9,"1,1,1,2-테트라클로로-2,2-디플로로에탄","1,1,1,2-Tetrachloro-2,2-difluoroethane",CCl3․CClF2,500,-,-,-,[76-11-9] ,76-11-9
586,76-12-0,"1,1,2,2-테트라클로로-1,2-디플로로에탄","1,1,2,2-Tetrachloro-1,2-difluoroethane",CCl2F․CCl2F,500,-,-,-,[76-12-0] ,76-12-0
587,56-23-5,테트라클로로메탄,Tetrachloromethane,CCl4,5,,,,[56-23-5] 사염화탄소 참조,56-23-5
588,79-34-5,"1,1,2,2-테트라클로로에탄","1,1,2,2-Tetrachloroethane",CHCl2CHCl2,1,-,-,-,"[79-34-5] 발암성 2, Skin",79-34-5
589,127-18-4,테트라클로로에틸렌,Tetrachloroethylene,CCl2CCl2,25,,100,,[127-18-4] 퍼클로로에틸렌 참조,127-18-4
590,109-99-9,테트라하이드로퓨란,Tetrahydrofuran,C4H8O,50,-,100,-,"[109-99-9] 발암성 2, Skin",109-99-9
591,479-45-8,테트릴,Tetryl,(NO2)3C6H2N(NO2)CH3,-,1.5,-,-,[479-45-8] ,479-45-8
592,13494-80-9,텔레늄과 그 화합물,"Tellurium & compounds, as Te",Te/H2Te/K2TeO3/Na2H4TeO6,-,0.1,-,-,[13494-80-9] ,13494-80-9
593,1304-82-1,텔루르화 비스무스,Bismuth telluride,Bi2Te2,-,10,-,-,[1304-82-1] ,1304-82-1
594,3383-96-8,템포스,Temephos,S[C₆H₄OP(S)(OCH₃)₂]₂ ,-,10,-,-,[3383-96-8] Skin,3383-96-8
595,8001-35-2,톡사펜,Toxaphene,C10H10Cl8,,0.5,,1,[8001-35-2] 염소화 캄펜 참조,8001-35-2
596,108-88-3,톨루엔,Toluene,C6H5CH3,50,-,150,-,[108-88-3] 생식독성 2,108-88-3
597,584-84-9,"톨루엔-2,4-디이소시아네이트","Toluene-2,4-diisocyanate(TDI)",CH3C6H3(NCO)2,0.005,-,0.02,-,[584-84-9] 발암성 2,584-84-9
598,91-08-7,"톨루엔-2,6-디이소시아네이트","Toluene-2,6-diisocyanate(TDI)",CH3C6H3(NCO)2,0.005,-,0.02,-,[91-08-7] 발암성 2,91-08-7
599,108-88-3,톨루올,Toluol,C6H5CH3,50,,150,,[108-88-3] 톨루엔 참조,108-88-3
600,2451-62-9,트리글리시딜이소시아누레이트,Triglycidylisocyanurate,C12H15N3O6,-,0.1,-,-,[2451-62-9] ,2451-62-9
601,118-96-7,"2,4,6-트리니트로 톨루엔","2,4,6-Trinitrotoluene(TNT)",CH3C6H2(NO2)3,-,0.1,-,-,[118-96-7] Skin,118-96-7
602,88-89-1,"2,4,6-트리니트로페놀","2,4,6-Trinitrophenol",HOC6H12(NO2)3,,0.1,,,[88-89-1] 피크린산 참조,88-89-1
603,25551-13-7,트리메틸 벤젠(혼합 이성체),Trimethyl benzene(mixed isomers),(CH3)3C6H3,25,-,-,-,[25551-13-7] ,25551-13-7
604,75-50-3,트리메틸아민,Trimethylamine,(CH3)3N,5,-,15,-,[75-50-3] ,75-50-3
605,121-45-9,트리메틸 포스파이트,Trimethyl phosphite,(CH3O)3P,2,-,-,-,[121-45-9] ,121-45-9
606,552-30-7,트리멜리틱 안하이드리드,Trimellitic anhydride(Inhalable fraction and vapor),C9H4O5,-,0.0005,-,0.002,"[552-30-7] Skin, 흡입성 및 증기",552-30-7
607,126-73-8,트리부틸 포스페이트,Tributyl phosphatee(Inhalable fraction and vapor),(C4H9O)3PO,-,2.5,-,-,"[126-73-8] 발암성 2, 흡입성 및 증기",126-73-8
608,121-44-8,트리에틸아민,Triethylamine,(C2H5)3N,2,-,4,-,[121-44-8] Skin,121-44-8
609,78-30-8,트리오르토크레실 포스페이트,Triorthocresyl phosphate,(CH3C6H4O)3PO,-,0.1,-,-,[78-30-8] Skin,78-30-8
610,1321-65-9,트리클로로나프탈렌,Trichloronaphthalene,C10H5Cl6,-,5,-,-,[1321-65-9] Skin,1321-65-9
611,76-06-2,트리클로로니트로메탄,Trichloronitromethane,CCl3NO2,0.1,,0.3,,[76-06-2] 클로피크린 참조,76-06-2
612,67-66-3,트리클로로메탄,Trichloromethane,CHCl3,10,-,-,-,"[67-66-3] 발암성 2, 생식독성 2",67-66-3
613,120-82-1,"1,2,4-트리클로로벤젠","1,2,4-Trichlorobenzene",C6H3Cl3,-,-,C5,-,[120-82-1] ,120-82-1
614,76-03-9,트리클로로아세트산,Trichloroacetic acid,CCl3COOH,1,-,-,-,[76-03-9] 발암성 2,76-03-9
615,71-55-6,"1,1,1-트리클로로에탄","1,1,1-Trichloroethane",CH3CCl3,350,,450,,[71-55-6] 메틸 클로로포름 참조,71-55-6
616,79-00-5,"1,1,2-트리클로로에탄","1,1,2-Trichloroethane",CHCl2CH2Cl,10,-,-,-,"[79-00-5] 발암성 2, Skin",79-00-5
617,79-01-6,트리클로로에틸렌,Trichloroethylene,CCl2CHCl,10,-,25,-,"[79-01-6] 발암성 1A, 생식세포 변이원성 2",79-01-6
618,76-13-1,"1,1,2-트리클로로-1,2,2-트리플루오로에탄","1,1,2-Trichloro-1,2,2-trifluoroethane",CCl2F․CClF2,1000,-,1250,-,[76-13-1] ,76-13-1
619,96-18-4,"1,2,3-트리클로로프로판","1,2,3-Trichloropropane",CH2ClCHClCH2Cl,10,-,-,-,"[96-18-4] 발암성 1B, 생식독성 1B, Skin",96-18-4
620,75-69-4,트리클로로플루오로메탄,Trichlorofluoromethane,CCl3F,,,C1000,,[75-69-4] 플루오로트리클로로메탄 참조,75-69-4
621,13121-70-5,트리클로로헥실틴 하이드록사이드,Trichlorohexyltin hydroxide,C18H34OSn,,5,,,[13121-70-5] 시헥사틴 참조,13121-70-5
622,52-68-6,트리클로폰,Trichlorfon(Inhalable fraction),C4H8Cl3O4P,-,0.3,-,-,[52-68-6] 흡입성,52-68-6
623,603-34-9,트리페닐 아민,Triphenyl amine,(C6H5)3N,-,5,-,-,[603-34-9] ,603-34-9
624,115-86-6,트리페닐 포스페이트,Triphenyl phosphate,(C6H5O)3PO,-,3,-,-,[115-86-6] ,115-86-6
625,75-63-8,트리플루오로 브로모메탄,Trifluoro bromomethane,CBrF3,1000,-,-,-,[75-63-8] ,75-63-8
626,-,입자상다환식방향족 탄화수소(벤젠에 가용성),Particulate polycyclicaromatic hydrocarbons(as benzene solubles),C14H10/C16H10/C12H9N/C20H12,-,0.2,-,-,발암성 1A~2(믈질의 종류에 따라 발암성 등급 차이가 있음),-
627,93-76-5,"2,4,5-티","2,4,5-T(2,4,5-Trichlorophenoxy acetic acid)",Cl3C6H2OCH2COOH,-,10,-,-,[93-76-5] ,93-76-5
628,68-11-1,티오글리콜산,Thioglicolic acid,C2H4O2S,1,-,-,-,[68-11-1] Skin,68-11-1
629,137-26-8,티람,Thiram,C6H12N2S4,-,1,-,-,[137-26-8] Skin,137-26-8
630,96-69-5,"4,4'-티오비스(6-삼차-부틸-메타-크레졸)","4,4'-Thiobis(6-tert-butyl-m-cresol)",C22H30O2S,-,10,-,-,[96-69-5] ,96-69-5
631,3689-24-5,티이디피,TEDP,(C2H5)4P2S2O5,,0.2,,,[3689-24-5] 설포텝 참조,3689-24-5
632,107-49-3,티이피피,Tetraethyl pyrophosphate (TEPP) (Inhalable fraction and vapor),(C2H5)4P2O7,-,0.01,-,-,"[107-49-3] Skin, 흡입성 및 증기",107-49-3
633,100-01-6,파라-니트로아닐린,p-Nitroaniline,C6H6N2O2,-,3,-,-,[100-01-6] Skin,100-01-6
634,100-00-5,파라-니트로클로로벤젠,p-Nitrochlorobenzene,ClC6H4NO2,0.1,-,-,-,"[100-00-5] 발암성 2, 생식세포 변이원성 2, Skin",100-00-5
635,106-46-7,파라-디클로로벤젠,p-Dichlorobenzene,C6H4Cl2,10,-,20,-,[106-46-7] 발암성 2,106-46-7
636,106-51-4,파라-벤조퀴논,p-Benzoquinone,OC6H4O,0.1,-,-,-,[106-51-4] ,106-51-4
637,98-51-1,파라-삼차-부틸톨루엔,p-tert-Butyltoluene,CH3C6H4C(CH3)3,10,-,15,-,[98-51-1] ,98-51-1
638,56-38-2,파라치온,Parathion(Inhalable fraction and vapor),(C2H5O)2PSOC6H4NO2,-,0.05,-,-,"[56-38-2] 발암성 2, Skin, 흡입성 및 증기",56-38-2
639,4685-14-7,파라쿼트,Paraquat(Respirable fraction),C12H14Cl2/C12H14N2(CH3SO4)2,-,0.1,-,-,[4685-14-7] 호흡성,4685-14-7
640,106-50-3,파라-페닐렌디아민,p-Phenylene diamine,C6H8N2,-,0.1,-,-,[106-50-3] Skin,106-50-3
641,106-49-0,파라-톨루이딘,p-Toluidine,CH3C6H3NH2,2,-,-,-,"[106-49-0] 발암성 2, Skin",106-49-0
642,93763-70-3,퍼라이트,Perlite,-,-,10,-,-,[93763-70-3] ,93763-70-3
643,14484-64-1,퍼밤,Ferbam(Respirable fraction),[(CCH3)2NCS2]3Fe,-,10,-,-,[14484-64-1] 흡입성,14484-64-1
644,594-42-3,퍼클로로메틸 멀캡탄,Perchloromethyl mercaptan,CCl3SCl,0.1,-,-,-,[594-42-3] ,594-42-3
645,127-18-4,퍼클로로에틸렌,Perchloroethylene,CCl2CCl2,25,-,100,-,[127-18-4] 발암성 1B,127-18-4
646,7616-94-6,퍼클로릴 플루오라이드,Perchloryl fluoride,ClO3F,3,-,6,-,[7616-94-6] ,7616-94-6
647,22224-92-6,페나미포스,Fenamiphos(Inhalable fraction and vapor),-,-,0.1,-,-,"[22224-92-6] Skin, 흡입성 및 증기",22224-92-6
648,92-84-2,페노티아진,Phenothiazine,S(C6H14)2 NH,-,5,-,-,[92-84-2] Skin,92-84-2
649,108-95-2,페놀,Phenol,C6H5OH,5,-,-,-,"[108-95-2] 생식세포 변이원성 2, Skin",108-95-2
650,122-60-1,페닐 글리시딜 에테르,Phenyl glycidyl ether(PGE),C6H5OCH2CHOCH2,0.8,-,-,-,"[122-60-1] 발암성 1B, 생식세포 변이원성 2, Skin",122-60-1
651,108-98-5,페닐 멀캡탄,Phenyl mercaptan,C6H5SH,0.1,-,-,-,[108-98-5] Skin,108-98-5
652,101-84-8,페닐 에테르(증기),Phenyl ether(Vapor),(C6H5)2O,1,-,2,-,[101-84-8] ,101-84-8
653,100-42-5,페닐 에틸렌,Phenyl ethylene,C6H5CHCH2,20,,40,,[100-42-5] 스티렌 참조,100-42-5
654,638-21-1,페닐 포스핀,Phenyl phosphine,C6H5PH2,-,-,C0.05,-,[638-21-1] ,638-21-1
655,100-63-0,페닐 하이드라진,Phenyl hydrazine,C6H5NHNH2,5,-,10,-,"[100-63-0] 발암성 1B, 생식세포 변이원성 2, Skin",100-63-0
656,115-90-2,펜설포티온,Fensulfothion(Inhalable fraction and vapor),C4H17O4PS,-,0.1,-,-,"[115-90-2] Skin, 흡입성 및 증기",115-90-2
657,532-27-4,펜아실 클로라이드,Phenacyl chloride,C6H5COCH2Cl,0.05,,,,[532-27-4] 알파-클로로아세토페논 참조,532-27-4
658,107-87-9,2-펜타논,2-Pentanone,CH3COC3H7,200,,250,,[107-87-9] 메틸 프로필 케톤 참조,107-87-9
659,19624-22-7,펜타보레인,Pentaborane,B5H9,0.005,-,0.015,-,[19624-22-7] ,19624-22-7
660,115-77-5,펜타에리트리톨,Pentaerythritol,C(CH2OH)4,-,10,-,-,[115-77-5] ,115-77-5
661,1321-64-8,펜타클로로나프탈렌,Pentachloronaphthalene,C10H3Cl5,-,0.5,-,-,[1321-64-8] ,1321-64-8
662,87-86-5,펜타클로로페놀,Pentachlorophenol(Inhalable fraction and vapor),C6Cl5OH,-,0.5,-,-,"[87-86-5] 발암성 1B, Skin, 흡입성 및 증기",87-86-5
663,109-66-0,펜탄(모든 이성체),"Pentane, all isomers",C5H12,600,-,750,-,[109-66-0] ,109-66-0
663,463-82-1,펜탄(모든 이성체),"Pentane, all isomers",C5H12,600,-,750,-,[463-82-1] ,463-82-1
663,78-78-4,펜탄(모든 이성체),"Pentane, all isomers",C5H12,600,-,750,-,[78-78-4] ,78-78-4
664,55-38-9,펜티온,Fenthion,C10H15O3PS,-,0.2,-,-,"[55-38-9] 생식세포 변이원성 2, Skin",55-38-9
665,944-22-9,포노포스,Fonofos(Inhalable fraction and vapor),C10H15OPS2,-,0.1,-,-,"[944-22-9] Skin, 흡입성 및 증기",944-22-9
666,298-02-2,포레이트,Phorate(Inhalable fraction and vapor),C7H17O2PS3,-,0.05,-,-,"[298-02-2] Skin, 흡입성 및 증기",298-02-2
667,109-94-4,포름산 에틸,Ethyl formate,HCOOC2H5,100,-,-,-,[109-94-4] ,109-94-4
668,75-12-7,포름아미드,Formamide,HCONH2,10,-,-,-,"[75-12-7] 생식독성 1B, Skin",75-12-7
669,50-00-0,포름알데히드,Formaldehyde,HCHO,0.3,-,-,-,"[50-00-0] 발암성 1A, 생식세포 변이원성 2",50-00-0
670,75-44-5,포스겐,Phosgene,COCl2,0.1,-,-,-,[75-44-5] ,75-44-5
671,7786-34-7,포스드린,Phosdrin,(CH3O)2PO2C(CH3),0.01,,0.03,,[7786-34-7] 메빈포스 참조,7786-34-7
672,10025-87-3,포스포러스 옥시클로라이드,Phosphorus oxychloride,POC13,0.1,-,0.5,-,[10025-87-3] ,10025-87-3
673,7719-12-2,포스포러스 트리클로라이드,Phosphorus trichloride,PC13,0.2,-,0.5,-,[7719-12-2] ,7719-12-2
674,1314-80-3,포스포러스 펜타설파이드,Phosphorus pentasulfide,P2S5/P4S10,-,1,-,3,[1314-80-3] ,1314-80-3
675,10026-13-8,포스포러스 펜타클로라이드,Phosphorus pentachloride,PCl5,0.1,-,-,-,[10026-13-8] ,10026-13-8
676,7803-51-2,포스핀,Phosphine,PH3,0.3,-,1,-,[7803-51-2] ,7803-51-2
677,65997-15-1,포틀랜드 시멘트,Portland cement,-,-,10,-,-,[65997-15-1] ,65997-15-1
678,98-01-1,푸르푸랄,Furfural,C4H3OCHO,2,-,-,-,"[98-01-1] 발암성 2, Skin",98-01-1
679,98-00-0,푸르푸릴 알코올,Furfuryl alcohol,C4H3OCH2OH,10,-,15,-,"[98-00-0] 발암성 2, Skin",98-00-0
680,107-19-7,프로파르길 알코올,Propargyl alcohol,HCCCH2OH,1,-,-,-,[107-19-7] Skin,107-19-7
681,1120-71-4,프로판 설톤,Propane sultone,C3H6O3S,-,-,-,-,[1120-71-4] 발암성 1B,1120-71-4
682,114-26-1,프로폭서,Propoxur(Inhalable fraction and vapor),C11H15NO3,-,0.5,-,-,"[114-26-1] 발암성 2, 흡입성 및 증기",114-26-1
683,79-09-4,프로피온산,Propionic acid,CH3CH2COOH,10,-,15,-,[79-09-4] ,79-09-4
684,74-99-7,프로핀,Propyne,C3H4,1000,,1250,,[74-99-7] 메틸 아세틸렌 참조,74-99-7
685,6423-43-4,프로필렌 글리콜 디니트레이트,Propylene glycoldinitrate,C3H6N2O6,0.05,-,-,-,[6423-43-4] Skin,6423-43-4
686,107-98-2,프로필렌 글리콜 모노메틸 에테르,Propylene glycolmonomethyl ether,CH3OCH2CHOHCH3,100,-,150,-,[107-98-2] ,107-98-2
687,78-87-5,프로필렌 디클로라이드,Propylene dichloride,CH3CHClCH2Cl,10,,110,,"[78-87-5] 1,2-디클로로프로판 참조",78-87-5
688,75-55-8,프로필렌 이민,Propylene imine,C6H7N,2,-,-,-,"[75-55-8] 발암성 1B, Skin",75-55-8
689,75-69-4,플루오로트리클로로메탄,Fluorotrichloromethane,CCl3F,-,-,C1000,-,[75-69-4] ,75-69-4
690,7681-49-4,플루오라이드,"Fluorides, as F",-,-,2.5,-,-,[7681-49-4] ,7681-49-4
691,8003-34-7,피레트럼,Pyrethrum,C21H28O3/C22H28O5/C20H28O3,-,5,-,-,[8003-34-7] ,8003-34-7
692,120-80-9,피로카테콜,Pyrocatechol,C6H4(OH)2,5,,,,[120-80-9] 카테콜 참조,120-80-9
693,110-86-1,피리딘,Pyridine,C5H5N,2,-,-,-,[110-86-1] 발암성 2,110-86-1
694,88-89-1,피크린산,Picric acid,HOC6H12(NO2)3,-,0.1,-,-,[88-89-1] Skin,88-89-1
695,1918-02-1,피클로람,Picloram,C6H3Cl3N2O2,-,10,-,-,[1918-02-1] ,1918-02-1
696,142-64-3,피페라진 디하이드로클로라이드,Piperazine dihydrochloride,C4H10N2․2HCl,-,5,-,-,[142-64-3] 생식독성 2,142-64-3
697,83-26-1,핀돈,Pindone(Pival),C14H14O3,-,0.1,-,-,[83-26-1] ,83-26-1
698,302-01-2,하이드라진,Hydrazine,(NH2)2,0.05,-,-,-,"[302-01-2] 발암성 1B, Skin",302-01-2
699,7783-07-5,하이드로겐 셀레늄,"Hydrogen selenide, as Se",H2Se,0.05,-,-,-,[7783-07-5] ,7783-07-5
700,61788-32-7,하이드로게네이티드 터페닐,Hydrogenated terphenyls,C6H5C6H4C6H5,0.5,-,-,-,[61788-32-7] ,61788-32-7
701,123-31-9,하이드로퀴논,Hydroquinone,C6H4(OH)2,,2,,,[123-31-9] 디하이드록시벤젠 참조,123-31-9
702,123-42-2,4-하이드록시-4-메틸-2-펜타논,4-Hydroxy-4-methyl-2-pentanone,C6H12O2,50,,,,[123-42-2] 디아세톤 알코올 참조,123-42-2
703,999-61-1,2-하이드록시 프로필 아크릴레이트,2-Hydroxypropyl acrylate,CH2CHCOOCH2CHOHCH3,0.5,-,-,-,[999-61-1] Skin,999-61-1
704,7440-58-6,하프니움,Hafnium,Hf,-,0.5,-,-,[7440-58-6] ,7440-58-6
705,591-78-6,2-헥사논,2-Hexanone,CH3COCH2CH2CH2CH3,5,,,,[591-78-6] 메틸 노말 부틸케톤 참조,591-78-6
706,680-31-9,헥사메틸 포스포르아미드,Hexamethyl phosphoramide,[(CH3)2N]3PO,-,-,-,-,"[680-31-9] 발암성 1B, 생식세포 변이원성 1B, Skin",680-31-9
707,822-06-0,헥사메틸렌 디이소시아네이트,Hexamethylene diisocyanate,C15H22N2O2,0.005,-,-,-,[822-06-0] ,822-06-0
708,1335-87-1,헥사클로로나프탈렌,Hexachloronaphthalene,C10H2Cl6,-,0.2,-,-,[1335-87-1] Skin,1335-87-1
709,87-68-3,헥사클로로부타디엔,Hexachlorobutadiene,CCl2CClCClCCl2,0.02,-,-,-,"[87-68-3] 발암성 2, Skin",87-68-3
710,77-47-4,헥사클로로시클로펜타디엔,Hexachlorocyclopentadiene,C5Cl6,0.01,-,-,-,[77-47-4] ,77-47-4
711,67-72-1,헥사클로로에탄,Hexachloroethane,CCl3CCl3,1,-,-,-,[67-72-1] 발암성 2,67-72-1
712,684-16-2,헥사플루오로아세톤,Hexafluoroacetone,F3CCOCF3,0.1,-,-,-,[684-16-2] Skin,684-16-2
713,75-83-2,헥산(다른 이성체),Hexane(other isomer),(CH3)3C3H5/n(CH3)4C2H2,500,-,1000,-,[75-83-2],75-83-2
713,79-29-8,헥산(다른 이성체),Hexane(other isomer),(CH3)3C3H5/n(CH3)4C2H2,500,-,1000,-,[79-29-8],79-29-8
713,96-14-0,헥산(다른 이성체),Hexane(other isomer),(CH3)3C3H5/n(CH3)4C2H2,500,-,1000,-,[96-14-0],96-14-0
713,107-83-5,헥산(다른 이성체),Hexane(other isomer),(CH3)3C3H5/n(CH3)4C2H2,500,-,1000,-,[107-83-5],107-83-5
714,108-10-1,헥손,Hexone,CH3COCH2CH(CH3)2,50,-,75,-,[108-10-1] 발암성 2,108-10-1
715,107-41-5,헥실렌글리콜,Hexylene glycol,(CH3)2COHCH2CHOHCH3,-,-,C25,-,[107-41-5] ,107-41-5
716,110-43-0,2-헵타논,2-Heptanone,CH3(CH2)4COCH3,50,,,,[110-43-0] 메틸 노말 아밀케톤 참조,110-43-0
717,106-35-4,3-헵타논,3-Heptanone,C2H5COC4H9,50,,,,[106-35-4] 에틸 부틸 케톤 참조,106-35-4
718,76-44-8,헵타클로르,Heptachlor ＆ Heptachlor epoxide,C10H5Cl7/C10H5Cl7O,-,0.05,-,-,"[76-44-8] 발암성 2, Skin",76-44-8
718,1024-57-3,헵타클로르,Heptachlor ＆ Heptachlor epoxide,C10H5Cl7/C10H5Cl7O,-,0.05,-,-,"[1024-57-3] 발암성 2, Skin",1024-57-3
719,142-82-5,헵탄,Heptane,CH3(CH2)5CH3,400,-,500,-,[142-82-5] ,142-82-5
720,14807-96-6,활석(석면불포함),Talc(Containing no asbestos fibers),-,-,2,-,-,[14807-96-6] 호흡성,14807-96-6
721,14807-96-6,활석(석면 포함),Talc(Containing asbestos fibers),-,,0.1개/cm3,,,"[14807-96-6] 활석(석면 포함), [1332-21-4] 석면 참조",14807-96-6
722,-,활성탄,Activated carbon,-,-,5,-,-,,-
723,7664-93-9,황산,Sulfuric acid(Thoracic fraction),H2SO4,-,0.2,-,0.6,"[7664-93-9] 발암성 1A(강산 Mist에 한정함), 흉곽성",7664-93-9
724,77-78-1,황산 디메틸,Dimethyl sulfate,(CH3)2SO4,0.1,-,-,-,"[77-78-1] 발암성 1B, 생식세포 변이원성 2, Skin",77-78-1
725,7783-20-2,황산암모늄,Ammonium Sulfate,NH4SO4NH4,-,10,-,20,[7783-20-2] ,7783-20-2
726,-,황화광,Sulfide ore,-,-,2,-,-,,-
727,16812-54-7,황화니켈(흄 및 분진),"Nickel sulfide roasting(Fume & dust, as Ni)",NiS,-,1,-,-,"[16812-54-7] 발암성 1A, 생식세포 변이원성 2",16812-54-7
728,7783-06-4,황화수소,Hydrogen sulfide,H2S,10,-,15,-,[7783-06-4] ,7783-06-4
729,65996-93-2,휘발성 콜타르피치(벤젠에 가용물),Coal tar pitch volatiles(Benzene solubles),C14H10/C16H10/C12H9N/C20H12,-,0.2,-,-,"[65996-93-2] 발암성 1A, 생식독성 1B",65996-93-2
730,7782-42-5,"흑연(천연 및 합성, Graphite 섬유제외)","Graphite(Natural＆ Synthetic, Except Graphite fibers, Respirable fraction)",C,-,2,-,-,[7782-42-5] 호흡성,7782-42-5
731,-,기타 분진(산화규소 결정체 1% 이하),Particulates not otherwise regulated(no more than 1% crystalline silica),-,-,10,-,-,발암성 1A(산화규소 결정체 0.1% 이상에 한함),-
