"candidate_group_id","cas_no","group_row_count","source_sheet","source_row_number","legacy_sort_code","canonical_name_candidate","base_name_candidate","analysis_method","sampling_media","twa","stel","permit_required","special_management","health_exam_target","group_has_semantic_conflict","proposed_relation_type","parent_profile_id_candidate","auto_merge_allowed","review_status","review_note"
"CAS_14807_96_6","14807-96-6","4","Sheet1","11","2D-11-010","소우프스톤","소우프스톤","중량분석법","PVC여과지(37mm, 5um)","6 ㎎/㎥","","","","○","Y","SAME_CAS_VARIANT","","N","USER_CONFIRMED","사용자 제공 안전보건공단 조회 결과에 따라 일반 소우프스톤(TWA 6 mg/m3)을 독립 profile로 유지"
"CAS_14807_96_6","14807-96-6","4","Sheet1","13","2D-11-030","활석","활석","중량분석법(호)","PVC여과지(37mm, 5um) / Cyclone","2 ㎎/㎥","","","","○","Y","PARENT_CHILD","","N","REVIEW_REQUIRED","활석(석면불포함)과 값·방법이 같아 대표/중복 행 후보. selectable 부모인지 폐기 대상인지 추가 검토"
"CAS_14807_96_6","14807-96-6","4","Sheet1","14","2D-11-031","활석(석면불포함)","활석","중량분석법(호)","PVC여과지(37mm, 5um) / Cyclone","2 ㎎/㎥","","","","○","Y","SAME_CAS_VARIANT","","N","USER_CONFIRMED","사용자 제공 안전보건공단 조회 결과: 석면 불포함·결정형 산화규소 1% 미만의 호흡성 활석, TWA 2 mg/m3"
"CAS_14807_96_6","14807-96-6","4","Sheet1","15","2D-11-032","소우프스톤(호흡성)","소우프스톤","중량분석법(호)","PVC여과지(37mm, 5um) / Cyclone","3 ㎎/㎥","","","","○","Y","SAME_CAS_VARIANT","","N","USER_CONFIRMED","V24 원본명은 소우프스톤이나 사용자 제공 안전보건공단 조회 결과와 호흡성 분석방법에 따라 canonical_name을 소우프스톤(호흡성)으로 보정"
"CAS_1309_37_1","1309-37-1","2","Sheet1","29","3M-20-010","산화철","산화철","ICP법(다)","MCE여과지(37mm, 0.8um)","5 ㎎/㎥","","","","○","N","SAME_CAS_VARIANT","","N","REVIEW_REQUIRED","동일 CAS는 후보 그룹일 뿐 동일 측정인자 또는 부모·자식으로 자동 확정하지 않음"
"CAS_1309_37_1","1309-37-1","2","Sheet1","30","3M-20-011","산화철(분진, 흄)","산화철","ICP법(다)","MCE여과지(37mm, 0.8um)","5 ㎎/㎥","","","","○","N","SAME_CAS_VARIANT","","N","REVIEW_REQUIRED","동일 CAS는 후보 그룹일 뿐 동일 측정인자 또는 부모·자식으로 자동 확정하지 않음"
"CAS_7440_50_8","7440-50-8","4","Sheet1","31","3M-20-020","구리","구리","ICP법(다)","MCE여과지(37mm, 0.8um)","0.1 ㎎/㎥","","","","○","Y","SAME_CAS_VARIANT","","N","REVIEW_REQUIRED","동일 CAS는 후보 그룹일 뿐 동일 측정인자 또는 부모·자식으로 자동 확정하지 않음"
"CAS_7440_50_8","7440-50-8","4","Sheet1","32","3M-20-021","구리 및 그 화합물","구리 및 그 화합물","ICP법(다)","MCE여과지(37mm, 0.8um)","0.1 ㎎/㎥","","","","○","Y","SAME_CAS_VARIANT","","N","REVIEW_REQUIRED","동일 CAS는 후보 그룹일 뿐 동일 측정인자 또는 부모·자식으로 자동 확정하지 않음"
"CAS_7440_50_8","7440-50-8","4","Sheet1","33","3M-20-022","구리(분진, 미스트)","구리","ICP법(다)","MCE여과지(37mm, 0.8um)","1 ㎎/㎥","2 ㎎/㎥","","","○","Y","SAME_CAS_VARIANT","","N","REVIEW_REQUIRED","동일 CAS는 후보 그룹일 뿐 동일 측정인자 또는 부모·자식으로 자동 확정하지 않음"
"CAS_7440_50_8","7440-50-8","4","Sheet1","34","3M-20-023","구리(흄)","구리","ICP법(다)","MCE여과지(37mm, 0.8um)","0.1 ㎎/㎥","","","","○","Y","SAME_CAS_VARIANT","","N","REVIEW_REQUIRED","동일 CAS는 후보 그룹일 뿐 동일 측정인자 또는 부모·자식으로 자동 확정하지 않음"
"CAS_7439_92_1","7439-92-1","2","Sheet1","35","3M-20-030","납","납","ICP법(다)","MCE여과지(37mm, 0.8um)","0.05 ㎎/㎥","","","○","○","N","SAME_CAS_VARIANT","","N","REVIEW_REQUIRED","동일 CAS는 후보 그룹일 뿐 동일 측정인자 또는 부모·자식으로 자동 확정하지 않음"
"CAS_7439_92_1","7439-92-1","2","Sheet1","36","3M-20-031","납 및 그 무기화합물","납 및 그 무기화합물","ICP법(다)","MCE여과지(37mm, 0.8um)","0.05 ㎎/㎥","","","○","○","N","SAME_CAS_VARIANT","","N","REVIEW_REQUIRED","동일 CAS는 후보 그룹일 뿐 동일 측정인자 또는 부모·자식으로 자동 확정하지 않음"
"CAS_7758_97_6","7758-97-6","2","Sheet1","37","3M-20-040","크롬산연(as Pb)","크롬산연","ICP법(다)","MCE여과지(37mm, 0.8um)","0.05 ㎎/㎥","","","○","○","Y","SAME_CAS_VARIANT","","N","REVIEW_REQUIRED","동일 CAS는 후보 그룹일 뿐 동일 측정인자 또는 부모·자식으로 자동 확정하지 않음"
"CAS_7758_97_6","7758-97-6","2","Sheet1","84","3M-20-220","크롬산연(as Cr)","크롬산연","ICP법(다)","MCE여과지(37mm, 0.8um)","0.012 ㎎/㎥","","","○","○","Y","SAME_CAS_VARIANT","","N","REVIEW_REQUIRED","동일 CAS는 후보 그룹일 뿐 동일 측정인자 또는 부모·자식으로 자동 확정하지 않음"
"CAS_7440_02_0","7440-02-0","5","Sheet1","38","3M-20-050","니켈","니켈","ICP법(다)","MCE여과지(37mm, 0.8um)","1 ㎎/㎥","","","","○","Y","SAME_CAS_VARIANT","","N","REVIEW_REQUIRED","동일 CAS는 후보 그룹일 뿐 동일 측정인자 또는 부모·자식으로 자동 확정하지 않음"
"CAS_7440_02_0","7440-02-0","5","Sheet1","39","3M-20-051","니켈 및 그 무기화합물","니켈 및 그 무기화합물","ICP법(다)","MCE여과지(37mm, 0.8um)","1 ㎎/㎥","","","","○","Y","SAME_CAS_VARIANT","","N","REVIEW_REQUIRED","동일 CAS는 후보 그룹일 뿐 동일 측정인자 또는 부모·자식으로 자동 확정하지 않음"
"CAS_7440_02_0","7440-02-0","5","Sheet1","40","3M-20-052","니켈(금속)","니켈","ICP법(다)","MCE여과지(37mm, 0.8um)","1 ㎎/㎥","","","","○","Y","SAME_CAS_VARIANT","","N","REVIEW_REQUIRED","동일 CAS는 후보 그룹일 뿐 동일 측정인자 또는 부모·자식으로 자동 확정하지 않음"
"CAS_7440_02_0","7440-02-0","5","Sheet1","41","3M-20-053","니켈(가용성)","니켈","ICP법(다)","MCE여과지(37mm, 0.8um)","0.1 ㎎/㎥","","","","○","Y","SAME_CAS_VARIANT","","N","REVIEW_REQUIRED","동일 CAS는 후보 그룹일 뿐 동일 측정인자 또는 부모·자식으로 자동 확정하지 않음"
"CAS_7440_02_0","7440-02-0","5","Sheet1","42","3M-20-054","니켈(불용성)","니켈","ICP법(다)","MCE여과지(37mm, 0.8um)","0.2 ㎎/㎥","","","○","○","Y","SAME_CAS_VARIANT","","N","REVIEW_REQUIRED","동일 CAS는 후보 그룹일 뿐 동일 측정인자 또는 부모·자식으로 자동 확정하지 않음"
"CAS_7439_96_5","7439-96-5","2","Sheet1","43","3M-20-060","망간","망간","ICP법(다)","MCE여과지(37mm, 0.8um)","1 ㎎/㎥","","","","○","N","SAME_CAS_VARIANT","","N","REVIEW_REQUIRED","동일 CAS는 후보 그룹일 뿐 동일 측정인자 또는 부모·자식으로 자동 확정하지 않음"
"CAS_7439_96_5","7439-96-5","2","Sheet1","44","3M-20-061","망간 및 그 무기화합물","망간 및 그 무기화합물","ICP법(다)","MCE여과지(37mm, 0.8um)","1 ㎎/㎥","","","","○","N","SAME_CAS_VARIANT","","N","REVIEW_REQUIRED","동일 CAS는 후보 그룹일 뿐 동일 측정인자 또는 부모·자식으로 자동 확정하지 않음"
"CAS_7440_39_3","7440-39-3","2","Sheet1","45","3M-20-070","바륨","바륨","ICP법(다)","MCE여과지(37mm, 0.8um)","0.5 ㎎/㎥","","","","","N","SAME_CAS_VARIANT","","N","REVIEW_REQUIRED","동일 CAS는 후보 그룹일 뿐 동일 측정인자 또는 부모·자식으로 자동 확정하지 않음"
"CAS_7440_39_3","7440-39-3","2","Sheet1","46","3M-20-071","바륨 및 그 가용성 화합물","바륨 및 그 가용성 화합물","ICP법(다)","MCE여과지(37mm, 0.8um)","0.5 ㎎/㎥","","","","","N","SAME_CAS_VARIANT","","N","REVIEW_REQUIRED","동일 CAS는 후보 그룹일 뿐 동일 측정인자 또는 부모·자식으로 자동 확정하지 않음"
"CAS_7440_06_4","7440-06-4","4","Sheet1","47","3M-20-080","백금","백금","ICP법(다)","MCE여과지(37mm, 0.8um)","1 ㎎/㎥","","","","","Y","SAME_CAS_VARIANT","","N","REVIEW_REQUIRED","동일 CAS는 후보 그룹일 뿐 동일 측정인자 또는 부모·자식으로 자동 확정하지 않음"
"CAS_7440_06_4","7440-06-4","4","Sheet1","48","3M-20-081","백금 및 그 가용성 염","백금 및 그 가용성 염","ICP법(다)","MCE여과지(37mm, 0.8um)","1 ㎎/㎥","","","","","Y","SAME_CAS_VARIANT","","N","REVIEW_REQUIRED","동일 CAS는 후보 그룹일 뿐 동일 측정인자 또는 부모·자식으로 자동 확정하지 않음"
"CAS_7440_06_4","7440-06-4","4","Sheet1","49","3M-20-082","백금(금속)","백금","ICP법(다)","MCE여과지(37mm, 0.8um)","1 ㎎/㎥","","","","","Y","SAME_CAS_VARIANT","","N","REVIEW_REQUIRED","동일 CAS는 후보 그룹일 뿐 동일 측정인자 또는 부모·자식으로 자동 확정하지 않음"
"CAS_7440_06_4","7440-06-4","4","Sheet1","50","3M-20-083","백금(가용성 염)","백금","ICP법(다)","MCE여과지(37mm, 0.8um)","0.002 ㎎/㎥","","","","","Y","SAME_CAS_VARIANT","","N","REVIEW_REQUIRED","동일 CAS는 후보 그룹일 뿐 동일 측정인자 또는 부모·자식으로 자동 확정하지 않음"
"CAS_1314_13_2","1314-13-2","2","Sheet1","52","3M-20-100","산화아연(흄)","산화아연","ICP법(다)","MCE여과지(37mm, 0.8um)","5 ㎎/㎥","10 ㎎/㎥","","","○","Y","SAME_CAS_VARIANT","","N","REVIEW_REQUIRED","동일 CAS는 후보 그룹일 뿐 동일 측정인자 또는 부모·자식으로 자동 확정하지 않음"
"CAS_1314_13_2","1314-13-2","2","Sheet1","97","3M-21-040","산화아연(분진)","산화아연","ICP법(다)호","MCE여과지(37mm, 0.8um) / Cyclone","2 ㎎/㎥","","","","○","Y","SAME_CAS_VARIANT","","N","REVIEW_REQUIRED","동일 CAS는 후보 그룹일 뿐 동일 측정인자 또는 부모·자식으로 자동 확정하지 않음"
"CAS_7782_49_2","7782-49-2","2","Sheet1","53","3M-20-110","셀레늄","셀레늄","ICP법(다)","MCE여과지(37mm, 0.8um)","0.2 ㎎/㎥","","","","","N","SAME_CAS_VARIANT","","N","REVIEW_REQUIRED","동일 CAS는 후보 그룹일 뿐 동일 측정인자 또는 부모·자식으로 자동 확정하지 않음"
"CAS_7782_49_2","7782-49-2","2","Sheet1","54","3M-20-111","셀레늄 및 그 화합물","셀레늄 및 그 화합물","ICP법(다)","MCE여과지(37mm, 0.8um)","0.2 ㎎/㎥","","","","","N","SAME_CAS_VARIANT","","N","REVIEW_REQUIRED","동일 CAS는 후보 그룹일 뿐 동일 측정인자 또는 부모·자식으로 자동 확정하지 않음"
"CAS_7440_36_0","7440-36-0","2","Sheet1","55","3M-20-120","안티몬","안티몬","ICP법(다)","MCE여과지(37mm, 0.8um)","0.5 ㎎/㎥","","","","○","N","SAME_CAS_VARIANT","","N","REVIEW_REQUIRED","동일 CAS는 후보 그룹일 뿐 동일 측정인자 또는 부모·자식으로 자동 확정하지 않음"
"CAS_7440_36_0","7440-36-0","2","Sheet1","56","3M-20-121","안티몬 및 그 화합물","안티몬 및 그 화합물","ICP법(다)","MCE여과지(37mm, 0.8um)","0.5 ㎎/㎥","","","","○","N","SAME_CAS_VARIANT","","N","REVIEW_REQUIRED","동일 CAS는 후보 그룹일 뿐 동일 측정인자 또는 부모·자식으로 자동 확정하지 않음"
"CAS_7429_90_5","7429-90-5","7","Sheet1","58","3M-20-140","알루미늄","알루미늄","ICP법(다)","MCE여과지(37mm, 0.8um)","10 ㎎/㎥","","","","○","Y","SAME_CAS_VARIANT","","N","REVIEW_REQUIRED","동일 CAS는 후보 그룹일 뿐 동일 측정인자 또는 부모·자식으로 자동 확정하지 않음"
"CAS_7429_90_5","7429-90-5","7","Sheet1","59","3M-20-141","알루미늄 및 그 화합물","알루미늄 및 그 화합물","ICP법(다)","MCE여과지(37mm, 0.8um)","10 ㎎/㎥","","","","○","Y","SAME_CAS_VARIANT","","N","REVIEW_REQUIRED","동일 CAS는 후보 그룹일 뿐 동일 측정인자 또는 부모·자식으로 자동 확정하지 않음"
"CAS_7429_90_5","7429-90-5","7","Sheet1","60","3M-20-142","알루미늄(금속분진)","알루미늄","ICP법(다)","MCE여과지(37mm, 0.8um)","10 ㎎/㎥","","","","○","Y","SAME_CAS_VARIANT","","N","REVIEW_REQUIRED","동일 CAS는 후보 그룹일 뿐 동일 측정인자 또는 부모·자식으로 자동 확정하지 않음"
"CAS_7429_90_5","7429-90-5","7","Sheet1","61","3M-20-143","알루미늄(피로파우더)","알루미늄","ICP법(다)","MCE여과지(37mm, 0.8um)","5 ㎎/㎥","","","","○","Y","SAME_CAS_VARIANT","","N","REVIEW_REQUIRED","동일 CAS는 후보 그룹일 뿐 동일 측정인자 또는 부모·자식으로 자동 확정하지 않음"
"CAS_7429_90_5","7429-90-5","7","Sheet1","62","3M-20-144","알루미늄(흄)","알루미늄","ICP법(다)","MCE여과지(37mm, 0.8um)","5 ㎎/㎥","","","","○","Y","SAME_CAS_VARIANT","","N","REVIEW_REQUIRED","동일 CAS는 후보 그룹일 뿐 동일 측정인자 또는 부모·자식으로 자동 확정하지 않음"
"CAS_7429_90_5","7429-90-5","7","Sheet1","63","3M-20-145","알루미늄(가용성 염)","알루미늄","ICP법(다)","MCE여과지(37mm, 0.8um)","2 ㎎/㎥","","","","○","Y","SAME_CAS_VARIANT","","N","REVIEW_REQUIRED","동일 CAS는 후보 그룹일 뿐 동일 측정인자 또는 부모·자식으로 자동 확정하지 않음"
"CAS_7429_90_5","7429-90-5","7","Sheet1","64","3M-20-146","알루미늄(알킬)","알루미늄","ICP법(다)","MCE여과지(37mm, 0.8um)","2 ㎎/㎥","","","","○","Y","SAME_CAS_VARIANT","","N","REVIEW_REQUIRED","동일 CAS는 후보 그룹일 뿐 동일 측정인자 또는 부모·자식으로 자동 확정하지 않음"
"CAS_7440_22_4","7440-22-4","4","Sheet1","65","3M-20-150","은","은","ICP법(다)","MCE여과지(37mm, 0.8um)","0.1 ㎎/㎥","","","","","Y","SAME_CAS_VARIANT","","N","REVIEW_REQUIRED","동일 CAS는 후보 그룹일 뿐 동일 측정인자 또는 부모·자식으로 자동 확정하지 않음"
"CAS_7440_22_4","7440-22-4","4","Sheet1","66","3M-20-151","은 및 그 가용성 화합물","은 및 그 가용성 화합물","ICP법(다)","MCE여과지(37mm, 0.8um)","0.1 ㎎/㎥","","","","","Y","SAME_CAS_VARIANT","","N","REVIEW_REQUIRED","동일 CAS는 후보 그룹일 뿐 동일 측정인자 또는 부모·자식으로 자동 확정하지 않음"
"CAS_7440_22_4","7440-22-4","4","Sheet1","67","3M-20-152","은(금속)","은","ICP법(다)","MCE여과지(37mm, 0.8um)","0.1 ㎎/㎥","","","","","Y","SAME_CAS_VARIANT","","N","REVIEW_REQUIRED","동일 CAS는 후보 그룹일 뿐 동일 측정인자 또는 부모·자식으로 자동 확정하지 않음"
"CAS_7440_22_4","7440-22-4","4","Sheet1","68","3M-20-153","은(가용성)","은","ICP법(다)","MCE여과지(37mm, 0.8um)","0.01 ㎎/㎥","","","","","Y","SAME_CAS_VARIANT","","N","REVIEW_REQUIRED","동일 CAS는 후보 그룹일 뿐 동일 측정인자 또는 부모·자식으로 자동 확정하지 않음"
"CAS_7440_31_5","7440-31-5","5","Sheet1","70","3M-20-170","주석","주석","ICP법(다)","MCE여과지(37mm, 0.8um)","2 ㎎/㎥","","","","○","Y","SAME_CAS_VARIANT","","N","REVIEW_REQUIRED","동일 CAS는 후보 그룹일 뿐 동일 측정인자 또는 부모·자식으로 자동 확정하지 않음"
"CAS_7440_31_5","7440-31-5","5","Sheet1","71","3M-20-171","주석 및 그 화합물","주석 및 그 화합물","ICP법(다)","MCE여과지(37mm, 0.8um)","2 ㎎/㎥","","","","○","Y","SAME_CAS_VARIANT","","N","REVIEW_REQUIRED","동일 CAS는 후보 그룹일 뿐 동일 측정인자 또는 부모·자식으로 자동 확정하지 않음"
"CAS_7440_31_5","7440-31-5","5","Sheet1","72","3M-20-172","주석(금속)","주석","ICP법(다)","MCE여과지(37mm, 0.8um)","2 ㎎/㎥","","","","○","Y","SAME_CAS_VARIANT","","N","REVIEW_REQUIRED","동일 CAS는 후보 그룹일 뿐 동일 측정인자 또는 부모·자식으로 자동 확정하지 않음"
"CAS_7440_31_5","7440-31-5","5","Sheet1","73","3M-20-173","주석(산화 및 무기화합물)","주석","ICP법(다)","MCE여과지(37mm, 0.8um)","2 ㎎/㎥","","","","○","Y","SAME_CAS_VARIANT","","N","REVIEW_REQUIRED","동일 CAS는 후보 그룹일 뿐 동일 측정인자 또는 부모·자식으로 자동 확정하지 않음"
"CAS_7440_31_5","7440-31-5","5","Sheet1","74","3M-20-174","주석(유기화합물)","주석","ICP법(다)","MCE여과지(37mm, 0.8um)","0.1 ㎎/㎥","","","","○","Y","SAME_CAS_VARIANT","","N","REVIEW_REQUIRED","동일 CAS는 후보 그룹일 뿐 동일 측정인자 또는 부모·자식으로 자동 확정하지 않음"
"CAS_7440_67_7","7440-67-7","2","Sheet1","75","3M-20-180","지르코늄","지르코늄","ICP법(다)","MCE여과지(37mm, 0.8um)","5 ㎎/㎥","10 ㎎/㎥","","","○","N","SAME_CAS_VARIANT","","N","REVIEW_REQUIRED","동일 CAS는 후보 그룹일 뿐 동일 측정인자 또는 부모·자식으로 자동 확정하지 않음"
"CAS_7440_67_7","7440-67-7","2","Sheet1","76","3M-20-181","지르코늄 및 그 화합물","지르코늄 및 그 화합물","ICP법(다)","MCE여과지(37mm, 0.8um)","5 ㎎/㎥","10 ㎎/㎥","","","○","N","SAME_CAS_VARIANT","","N","REVIEW_REQUIRED","동일 CAS는 후보 그룹일 뿐 동일 측정인자 또는 부모·자식으로 자동 확정하지 않음"
"CAS_7440_43_9","7440-43-9","3","Sheet1","77","3M-20-190","카드뮴","카드뮴","ICP법(다)","MCE여과지(37mm, 0.8um)","0.01 ㎎/㎥","","","○","○","Y","SAME_CAS_VARIANT","","N","REVIEW_REQUIRED","동일 CAS는 후보 그룹일 뿐 동일 측정인자 또는 부모·자식으로 자동 확정하지 않음"
"CAS_7440_43_9","7440-43-9","3","Sheet1","78","3M-20-191","카드뮴 및 그 화합물","카드뮴 및 그 화합물","ICP법(다)","MCE여과지(37mm, 0.8um)","0.002 ㎎/㎥","","","○","○","Y","SAME_CAS_VARIANT","","N","REVIEW_REQUIRED","동일 CAS는 후보 그룹일 뿐 동일 측정인자 또는 부모·자식으로 자동 확정하지 않음"
"CAS_7440_43_9","7440-43-9","3","Sheet1","92","3M-21-020","카드뮴(호흡성)","카드뮴","ICP법(다)호","MCE여과지(37mm, 0.8um) / Cyclone","0.002 ㎎/㎥","","","○","○","Y","SAME_CAS_VARIANT","","N","REVIEW_REQUIRED","동일 CAS는 후보 그룹일 뿐 동일 측정인자 또는 부모·자식으로 자동 확정하지 않음"
"CAS_7440_48_4","7440-48-4","2","Sheet1","79","3M-20-200","코발트","코발트","ICP법(다)","MCE여과지(37mm, 0.8um)","0.02 ㎎/㎥","","","","○","N","SAME_CAS_VARIANT","","N","REVIEW_REQUIRED","동일 CAS는 후보 그룹일 뿐 동일 측정인자 또는 부모·자식으로 자동 확정하지 않음"
"CAS_7440_48_4","7440-48-4","2","Sheet1","80","3M-20-201","코발트 및 그 무기화합물","코발트 및 그 무기화합물","ICP법(다)","MCE여과지(37mm, 0.8um)","0.02 ㎎/㎥","","","","○","N","SAME_CAS_VARIANT","","N","REVIEW_REQUIRED","동일 CAS는 후보 그룹일 뿐 동일 측정인자 또는 부모·자식으로 자동 확정하지 않음"
"CAS_7440_47_3","7440-47-3","4","Sheet1","81","3M-20-210","크롬","크롬","ICP법(다)","MCE여과지(37mm, 0.8um)","0.5 ㎎/㎥","","","","○","Y","SAME_CAS_VARIANT","","N","REVIEW_REQUIRED","동일 CAS는 후보 그룹일 뿐 동일 측정인자 또는 부모·자식으로 자동 확정하지 않음"
"CAS_7440_47_3","7440-47-3","4","Sheet1","82","3M-20-211","크롬과 그 무기화합물(3가크롬)","크롬과 그 무기화합물","ICP법(다)","MCE여과지(37mm, 0.8um)","0.5 ㎎/㎥","","","","○","Y","SAME_CAS_VARIANT","","N","REVIEW_REQUIRED","동일 CAS는 후보 그룹일 뿐 동일 측정인자 또는 부모·자식으로 자동 확정하지 않음"
"CAS_7440_47_3","7440-47-3","4","Sheet1","83","3M-20-212","3가크롬","3가크롬","ICP법(다)","MCE여과지(37mm, 0.8um)","0.5 ㎎/㎥","","","","○","Y","SAME_CAS_VARIANT","","N","REVIEW_REQUIRED","동일 CAS는 후보 그룹일 뿐 동일 측정인자 또는 부모·자식으로 자동 확정하지 않음"
"CAS_7440_47_3","7440-47-3","4","Sheet1","104","3M-22-030","크롬광 가공(열을 가하여 소성처리하는 경우만 해당)","크롬광 가공","ICP법(단)","MCE여과지(37mm, 0.8um)","0.05 ㎎/㎥","","○","","○","Y","SAME_CAS_VARIANT","","N","REVIEW_REQUIRED","동일 CAS는 후보 그룹일 뿐 동일 측정인자 또는 부모·자식으로 자동 확정하지 않음"
"CAS_7440_41_7","7440-41-7","2","Sheet1","85","3M-20-230","베릴륨","베릴륨","ICP법(다)","MCE여과지(37mm, 0.8um)","0.002 ㎎/㎥","0.01 ㎎/㎥","○","","○","N","SAME_CAS_VARIANT","","N","REVIEW_REQUIRED","동일 CAS는 후보 그룹일 뿐 동일 측정인자 또는 부모·자식으로 자동 확정하지 않음"
"CAS_7440_41_7","7440-41-7","2","Sheet1","86","3M-20-231","베릴륨 및 그 화합물","베릴륨 및 그 화합물","ICP법(다)","MCE여과지(37mm, 0.8um)","0.002 ㎎/㎥","0.01 ㎎/㎥","○","","○","N","SAME_CAS_VARIANT","","N","REVIEW_REQUIRED","동일 CAS는 후보 그룹일 뿐 동일 측정인자 또는 부모·자식으로 자동 확정하지 않음"
"CAS_7440_38_2","7440-38-2","3","Sheet1","87","3M-20-240","비소","비소","ICP법(다)","MCE여과지(37mm, 0.8um)","0.01 ㎎/㎥","","○","","○","N","SAME_CAS_VARIANT","","N","REVIEW_REQUIRED","동일 CAS는 후보 그룹일 뿐 동일 측정인자 또는 부모·자식으로 자동 확정하지 않음"
"CAS_7440_38_2","7440-38-2","3","Sheet1","88","3M-20-241","비소 및 그 무기화합물","비소 및 그 무기화합물","ICP법(다)","MCE여과지(37mm, 0.8um)","0.01 ㎎/㎥","","","","○","N","SAME_CAS_VARIANT","","N","REVIEW_REQUIRED","동일 CAS는 후보 그룹일 뿐 동일 측정인자 또는 부모·자식으로 자동 확정하지 않음"
"CAS_7440_38_2","7440-38-2","3","Sheet1","89","3M-20-242","비소 및 가용성화합물","비소 및 가용성화합물","ICP법(다)","MCE여과지(37mm, 0.8um)","0.01 ㎎/㎥","","","","○","N","SAME_CAS_VARIANT","","N","REVIEW_REQUIRED","동일 CAS는 후보 그룹일 뿐 동일 측정인자 또는 부모·자식으로 자동 확정하지 않음"
"CAS_7440_74_6","7440-74-6","2","Sheet1","90","3M-21-010","인듐","인듐","ICP법(다)호","MCE여과지(37mm, 0.8um) / Cyclone","0.01 ㎎/㎥","","","","○","N","SAME_CAS_VARIANT","","N","REVIEW_REQUIRED","동일 CAS는 후보 그룹일 뿐 동일 측정인자 또는 부모·자식으로 자동 확정하지 않음"
"CAS_7440_74_6","7440-74-6","2","Sheet1","91","3M-21-011","인듐 및 그 화합물","인듐 및 그 화합물","ICP법(다)호","MCE여과지(37mm, 0.8um) / Cyclone","0.01 ㎎/㎥","","","","○","N","SAME_CAS_VARIANT","","N","REVIEW_REQUIRED","동일 CAS는 후보 그룹일 뿐 동일 측정인자 또는 부모·자식으로 자동 확정하지 않음"
"CAS_7440_33_7","7440-33-7","4","Sheet1","93","3M-21-030","텅스텐","텅스텐","ICP법(다)호","MCE여과지(37mm, 0.8um) / Cyclone","5 ㎎/㎥","10 ㎎/㎥","","","○","Y","SAME_CAS_VARIANT","","N","REVIEW_REQUIRED","동일 CAS는 후보 그룹일 뿐 동일 측정인자 또는 부모·자식으로 자동 확정하지 않음"
"CAS_7440_33_7","7440-33-7","4","Sheet1","94","3M-21-031","텅스텐 및 그 화합물","텅스텐 및 그 화합물","ICP법(다)호","MCE여과지(37mm, 0.8um) / Cyclone","5 ㎎/㎥","10 ㎎/㎥","","","○","Y","SAME_CAS_VARIANT","","N","REVIEW_REQUIRED","동일 CAS는 후보 그룹일 뿐 동일 측정인자 또는 부모·자식으로 자동 확정하지 않음"
"CAS_7440_33_7","7440-33-7","4","Sheet1","95","3M-21-032","텅스텐(불용성)","텅스텐","ICP법(다)호","MCE여과지(37mm, 0.8um) / Cyclone","5 ㎎/㎥","10 ㎎/㎥","","","○","Y","SAME_CAS_VARIANT","","N","REVIEW_REQUIRED","동일 CAS는 후보 그룹일 뿐 동일 측정인자 또는 부모·자식으로 자동 확정하지 않음"
"CAS_7440_33_7","7440-33-7","4","Sheet1","96","3M-21-033","텅스텐(가용성)","텅스텐","ICP법(다)호","MCE여과지(37mm, 0.8um) / Cyclone","1 ㎎/㎥","3 ㎎/㎥","","","○","Y","SAME_CAS_VARIANT","","N","REVIEW_REQUIRED","동일 CAS는 후보 그룹일 뿐 동일 측정인자 또는 부모·자식으로 자동 확정하지 않음"
"CAS_7439_97_6","7439-97-6","5","Sheet1","98","3M-22-010","수은","수은","ICP법(단)","226-17-1A(SKC)","0.025 ㎎/㎥","","","○","○","Y","SAME_CAS_VARIANT","","N","REVIEW_REQUIRED","동일 CAS는 후보 그룹일 뿐 동일 측정인자 또는 부모·자식으로 자동 확정하지 않음"
"CAS_7439_97_6","7439-97-6","5","Sheet1","99","3M-22-011","수은 및 그 화합물","수은 및 그 화합물","ICP법(단)","226-17-1A(SKC)","0.025 ㎎/㎥","","","○","○","Y","SAME_CAS_VARIANT","","N","REVIEW_REQUIRED","동일 CAS는 후보 그룹일 뿐 동일 측정인자 또는 부모·자식으로 자동 확정하지 않음"
"CAS_7439_97_6","7439-97-6","5","Sheet1","100","3M-22-012","수은 및 무기형태","수은 및 무기형태","ICP법(단)","226-17-1A(SKC)","0.025 ㎎/㎥","","","○","○","Y","SAME_CAS_VARIANT","","N","REVIEW_REQUIRED","동일 CAS는 후보 그룹일 뿐 동일 측정인자 또는 부모·자식으로 자동 확정하지 않음"
"CAS_7439_97_6","7439-97-6","5","Sheet1","101","3M-22-013","수은(알킬화합물)","수은","ICP법(단)","226-17-1A(SKC)","0.01 ㎎/㎥","0.03 ㎎/㎥","","","○","Y","SAME_CAS_VARIANT","","N","REVIEW_REQUIRED","동일 CAS는 후보 그룹일 뿐 동일 측정인자 또는 부모·자식으로 자동 확정하지 않음"
"CAS_7439_97_6","7439-97-6","5","Sheet1","102","3M-22-014","수은(아릴화합물)","수은","ICP법(단)","226-17-1A(SKC)","0.1 ㎎/㎥","","","","○","Y","SAME_CAS_VARIANT","","N","REVIEW_REQUIRED","동일 CAS는 후보 그룹일 뿐 동일 측정인자 또는 부모·자식으로 자동 확정하지 않음"
"CAS_1314_62_1","1314-62-1","2","Sheet1","106","3M-23-010","오산화바나듐","오산화바나듐","ICP법(단)흡","MCE여과지(25mm, 0.5um) / IOM Sampler","0.05 ㎎/㎥","","","","○","N","SAME_CAS_VARIANT","","N","REVIEW_REQUIRED","동일 CAS는 후보 그룹일 뿐 동일 측정인자 또는 부모·자식으로 자동 확정하지 않음"
"CAS_1314_62_1","1314-62-1","2","Sheet1","107","3M-23-011","오산화바나듐(분진, 흄)","오산화바나듐","ICP법(단)흡","MCE여과지(25mm, 0.5um) / IOM Sampler","0.05 ㎎/㎥","","","","○","N","SAME_CAS_VARIANT","","N","REVIEW_REQUIRED","동일 CAS는 후보 그룹일 뿐 동일 측정인자 또는 부모·자식으로 자동 확정하지 않음"
"CAS_18540_29_9","18540-29-9","3","Sheet1","108","3M-25-010","6가크롬","6가크롬","IC법(단)-금","PVC여과지(37mm, 5um)","0.05 ㎎/㎥","","","○","○","Y","SAME_CAS_VARIANT","","N","REVIEW_REQUIRED","동일 CAS는 후보 그룹일 뿐 동일 측정인자 또는 부모·자식으로 자동 확정하지 않음"
"CAS_18540_29_9","18540-29-9","3","Sheet1","109","3M-25-011","6가크롬(수용성)","6가크롬","IC법(단)-금","PVC여과지(37mm, 5um)","0.05 ㎎/㎥","","","○","○","Y","SAME_CAS_VARIANT","","N","REVIEW_REQUIRED","동일 CAS는 후보 그룹일 뿐 동일 측정인자 또는 부모·자식으로 자동 확정하지 않음"
"CAS_18540_29_9","18540-29-9","3","Sheet1","110","3M-25-012","6가크롬(불용성)","6가크롬","IC법(단)-금","PVC여과지(37mm, 5um)","0.01 ㎎/㎥","","","○","○","Y","SAME_CAS_VARIANT","","N","REVIEW_REQUIRED","동일 CAS는 후보 그룹일 뿐 동일 측정인자 또는 부모·자식으로 자동 확정하지 않음"
"CAS_7553_56_2","7553-56-2","2","Sheet1","111","3M-25-020","요오드","요오드","IC법(단)-금","226-67(SKC)","0.01 ppm","0.1 ppm","","","○","N","SAME_CAS_VARIANT","","N","REVIEW_REQUIRED","동일 CAS는 후보 그룹일 뿐 동일 측정인자 또는 부모·자식으로 자동 확정하지 않음"
"CAS_7553_56_2","7553-56-2","2","Sheet1","112","3M-25-021","요오드 및 요오드화물","요오드 및 요오드화물","IC법(단)-금","226-67(SKC)","0.01 ppm","0.1 ppm","","","○","N","SAME_CAS_VARIANT","","N","REVIEW_REQUIRED","동일 CAS는 후보 그룹일 뿐 동일 측정인자 또는 부모·자식으로 자동 확정하지 않음"
"CAS_79_20_9","79-20-9","3","Sheet1","120","4O-30-070","메틸아세테이트(초산메틸)","메틸아세테이트","GC법(다)","20267-U(SUPELCO)","200 ppm","250 ppm","","","","N","SAME_CAS_VARIANT","","N","REVIEW_REQUIRED","동일 CAS는 후보 그룹일 뿐 동일 측정인자 또는 부모·자식으로 자동 확정하지 않음"
"CAS_79_20_9","79-20-9","3","Sheet1","121","4O-30-071","초산메틸","초산메틸","GC법(다)","20267-U(SUPELCO)","200 ppm","250 ppm","","","","N","SAME_CAS_VARIANT","","N","REVIEW_REQUIRED","동일 CAS는 후보 그룹일 뿐 동일 측정인자 또는 부모·자식으로 자동 확정하지 않음"
"CAS_79_20_9","79-20-9","3","Sheet1","122","4O-30-072","메틸아세테이트","메틸아세테이트","GC법(다)","20267-U(SUPELCO)","200 ppm","250 ppm","","","","N","SAME_CAS_VARIANT","","N","REVIEW_REQUIRED","동일 CAS는 후보 그룹일 뿐 동일 측정인자 또는 부모·자식으로 자동 확정하지 않음"
"CAS_123_86_4","123-86-4","3","Sheet1","126","4O-30-110","n-부틸아세테이트(초산부틸)","n-부틸아세테이트","GC법(다)","20267-U(SUPELCO)","150 ppm","200 ppm","","","","N","SAME_CAS_VARIANT","","N","REVIEW_REQUIRED","동일 CAS는 후보 그룹일 뿐 동일 측정인자 또는 부모·자식으로 자동 확정하지 않음"
"CAS_123_86_4","123-86-4","3","Sheet1","127","4O-30-111","n-부틸아세테이트","n-부틸아세테이트","GC법(다)","20267-U(SUPELCO)","150 ppm","200 ppm","","","","N","SAME_CAS_VARIANT","","N","REVIEW_REQUIRED","동일 CAS는 후보 그룹일 뿐 동일 측정인자 또는 부모·자식으로 자동 확정하지 않음"
"CAS_123_86_4","123-86-4","3","Sheet1","128","4O-30-112","초산부틸","초산부틸","GC법(다)","20267-U(SUPELCO)","150 ppm","200 ppm","","","","N","SAME_CAS_VARIANT","","N","REVIEW_REQUIRED","동일 CAS는 후보 그룹일 뿐 동일 측정인자 또는 부모·자식으로 자동 확정하지 않음"
"CAS_141_78_6","141-78-6","4","Sheet1","136","4O-30-190","에틸아세테이트(초산에틸)","에틸아세테이트","GC법(다)","20267-U(SUPELCO)","400 ppm","","","","","N","SAME_CAS_VARIANT","","N","REVIEW_REQUIRED","동일 CAS는 후보 그룹일 뿐 동일 측정인자 또는 부모·자식으로 자동 확정하지 않음"
"CAS_141_78_6","141-78-6","4","Sheet1","137","4O-30-191","에틸아세테이트","에틸아세테이트","GC법(다)","20267-U(SUPELCO)","400 ppm","","","","","N","SAME_CAS_VARIANT","","N","REVIEW_REQUIRED","동일 CAS는 후보 그룹일 뿐 동일 측정인자 또는 부모·자식으로 자동 확정하지 않음"
"CAS_141_78_6","141-78-6","4","Sheet1","138","4O-30-192","아세트산 에틸","아세트산 에틸","GC법(다)","20267-U(SUPELCO)","400 ppm","","","","","N","SAME_CAS_VARIANT","","N","REVIEW_REQUIRED","동일 CAS는 후보 그룹일 뿐 동일 측정인자 또는 부모·자식으로 자동 확정하지 않음"
"CAS_141_78_6","141-78-6","4","Sheet1","139","4O-30-193","초산에틸","초산에틸","GC법(다)","20267-U(SUPELCO)","400 ppm","","","","","N","SAME_CAS_VARIANT","","N","REVIEW_REQUIRED","동일 CAS는 후보 그룹일 뿐 동일 측정인자 또는 부모·자식으로 자동 확정하지 않음"
"CAS_110_19_0","110-19-0","3","Sheet1","142","4O-30-220","이소부틸아세테이트(초산이소부틸)","이소부틸아세테이트","GC법(다)","20267-U(SUPELCO)","150 ppm","187 ppm","","","","N","SAME_CAS_VARIANT","","N","REVIEW_REQUIRED","동일 CAS는 후보 그룹일 뿐 동일 측정인자 또는 부모·자식으로 자동 확정하지 않음"
"CAS_110_19_0","110-19-0","3","Sheet1","143","4O-30-221","이소부틸아세테이트","이소부틸아세테이트","GC법(다)","20267-U(SUPELCO)","150 ppm","187 ppm","","","","N","SAME_CAS_VARIANT","","N","REVIEW_REQUIRED","동일 CAS는 후보 그룹일 뿐 동일 측정인자 또는 부모·자식으로 자동 확정하지 않음"
"CAS_110_19_0","110-19-0","3","Sheet1","144","4O-30-222","초산이소부틸","초산이소부틸","GC법(다)","20267-U(SUPELCO)","150 ppm","187 ppm","","","","N","SAME_CAS_VARIANT","","N","REVIEW_REQUIRED","동일 CAS는 후보 그룹일 뿐 동일 측정인자 또는 부모·자식으로 자동 확정하지 않음"
"CAS_123_92_2","123-92-2","3","Sheet1","145","4O-30-230","이소아밀아세테이트(초산이소아밀)","이소아밀아세테이트","GC법(다)","20267-U(SUPELCO)","50 ppm","100 ppm","","","○","N","SAME_CAS_VARIANT","","N","REVIEW_REQUIRED","동일 CAS는 후보 그룹일 뿐 동일 측정인자 또는 부모·자식으로 자동 확정하지 않음"
"CAS_123_92_2","123-92-2","3","Sheet1","146","4O-30-231","이소아밀아세테이트","이소아밀아세테이트","GC법(다)","20267-U(SUPELCO)","50 ppm","100 ppm","","","○","N","SAME_CAS_VARIANT","","N","REVIEW_REQUIRED","동일 CAS는 후보 그룹일 뿐 동일 측정인자 또는 부모·자식으로 자동 확정하지 않음"
"CAS_123_92_2","123-92-2","3","Sheet1","147","4O-30-232","초산이소아밀","초산이소아밀","GC법(다)","20267-U(SUPELCO)","50 ppm","100 ppm","","","○","N","SAME_CAS_VARIANT","","N","REVIEW_REQUIRED","동일 CAS는 후보 그룹일 뿐 동일 측정인자 또는 부모·자식으로 자동 확정하지 않음"
"CAS_109_60_4","109-60-4","3","Sheet1","157","4O-30-330","n-프로필아세테이트(초산프로필)","n-프로필아세테이트","GC법(다)","20267-U(SUPELCO)","200 ppm","250 ppm","","","","N","SAME_CAS_VARIANT","","N","REVIEW_REQUIRED","동일 CAS는 후보 그룹일 뿐 동일 측정인자 또는 부모·자식으로 자동 확정하지 않음"
"CAS_109_60_4","109-60-4","3","Sheet1","158","4O-30-331","n-프로필아세테이트","n-프로필아세테이트","GC법(다)","20267-U(SUPELCO)","200 ppm","250 ppm","","","","N","SAME_CAS_VARIANT","","N","REVIEW_REQUIRED","동일 CAS는 후보 그룹일 뿐 동일 측정인자 또는 부모·자식으로 자동 확정하지 않음"
"CAS_109_60_4","109-60-4","3","Sheet1","159","4O-30-332","초산프로필","초산프로필","GC법(다)","20267-U(SUPELCO)","200 ppm","250 ppm","","","","N","SAME_CAS_VARIANT","","N","REVIEW_REQUIRED","동일 CAS는 후보 그룹일 뿐 동일 측정인자 또는 부모·자식으로 자동 확정하지 않음"
"CAS_71_36_3","71-36-3","3","Sheet1","168","4O-32-010","n-부탄올(노말부틸알콜)","n-부탄올","GC법(다)3","20267-U(SUPELCO)","20 ppm","","","","○","N","SAME_CAS_VARIANT","","N","REVIEW_REQUIRED","동일 CAS는 후보 그룹일 뿐 동일 측정인자 또는 부모·자식으로 자동 확정하지 않음"
"CAS_71_36_3","71-36-3","3","Sheet1","169","4O-32-011","n-부탄올","n-부탄올","GC법(다)3","20267-U(SUPELCO)","20 ppm","","","","○","N","SAME_CAS_VARIANT","","N","REVIEW_REQUIRED","동일 CAS는 후보 그룹일 뿐 동일 측정인자 또는 부모·자식으로 자동 확정하지 않음"
"CAS_71_36_3","71-36-3","3","Sheet1","170","4O-32-012","노말부틸알콜","노말부틸알콜","GC법(다)3","20267-U(SUPELCO)","20 ppm","","","","○","N","SAME_CAS_VARIANT","","N","REVIEW_REQUIRED","동일 CAS는 후보 그룹일 뿐 동일 측정인자 또는 부모·자식으로 자동 확정하지 않음"
"CAS_78_92_2","78-92-2","3","Sheet1","171","4O-32-020","2-부탄올(이차부틸알콜)","2-부탄올","GC법(다)3","20267-U(SUPELCO)","100 ppm","150 ppm","","","○","N","SAME_CAS_VARIANT","","N","REVIEW_REQUIRED","동일 CAS는 후보 그룹일 뿐 동일 측정인자 또는 부모·자식으로 자동 확정하지 않음"
"CAS_78_92_2","78-92-2","3","Sheet1","172","4O-32-021","2-부탄올","2-부탄올","GC법(다)3","20267-U(SUPELCO)","100 ppm","150 ppm","","","○","N","SAME_CAS_VARIANT","","N","REVIEW_REQUIRED","동일 CAS는 후보 그룹일 뿐 동일 측정인자 또는 부모·자식으로 자동 확정하지 않음"
"CAS_78_92_2","78-92-2","3","Sheet1","173","4O-32-022","이차부틸알콜","이차부틸알콜","GC법(다)3","20267-U(SUPELCO)","100 ppm","150 ppm","","","○","N","SAME_CAS_VARIANT","","N","REVIEW_REQUIRED","동일 CAS는 후보 그룹일 뿐 동일 측정인자 또는 부모·자식으로 자동 확정하지 않음"
"CAS_8052_41_3","8052-41-3","3","Sheet1","196","4O-38-080","스토다드솔벤트","스토다드솔벤트","GC법(단)","20267-U(SUPELCO)","100 ppm","","","","○","N","SAME_CAS_VARIANT","","N","REVIEW_REQUIRED","동일 CAS는 후보 그룹일 뿐 동일 측정인자 또는 부모·자식으로 자동 확정하지 않음"
"CAS_8052_41_3","8052-41-3","3","Sheet1","197","4O-38-081","스토다드솔벤트(벤젠 0.1% 이상 함유)","스토다드솔벤트","GC법(단)","20267-U(SUPELCO)","100 ppm","","","○","○","N","SAME_CAS_VARIANT","","N","REVIEW_REQUIRED","동일 CAS는 후보 그룹일 뿐 동일 측정인자 또는 부모·자식으로 자동 확정하지 않음"
"CAS_8052_41_3","8052-41-3","3","Sheet1","198","4O-38-082","스토다드솔벤트(벤젠 0.1% 미만 함유)","스토다드솔벤트","GC법(단)","20267-U(SUPELCO)","100 ppm","","","","○","N","SAME_CAS_VARIANT","","N","REVIEW_REQUIRED","동일 CAS는 후보 그룹일 뿐 동일 측정인자 또는 부모·자식으로 자동 확정하지 않음"
"CAS_107_06_2","107-06-2","3","Sheet1","201","4O-38-110","1,2-디클로로에탄(이염화에틸렌)","1,2-디클로로에탄","GC법(단)","20267-U(SUPELCO)","10 ppm","","","○","○","N","SAME_CAS_VARIANT","","N","REVIEW_REQUIRED","동일 CAS는 후보 그룹일 뿐 동일 측정인자 또는 부모·자식으로 자동 확정하지 않음"
"CAS_107_06_2","107-06-2","3","Sheet1","202","4O-38-111","1,2-디클로로에탄","1,2-디클로로에탄","GC법(단)","20267-U(SUPELCO)","10 ppm","","","○","○","N","SAME_CAS_VARIANT","","N","REVIEW_REQUIRED","동일 CAS는 후보 그룹일 뿐 동일 측정인자 또는 부모·자식으로 자동 확정하지 않음"
"CAS_107_06_2","107-06-2","3","Sheet1","203","4O-38-112","이염화에틸렌","이염화에틸렌","GC법(단)","20267-U(SUPELCO)","10 ppm","","","○","○","N","SAME_CAS_VARIANT","","N","REVIEW_REQUIRED","동일 CAS는 후보 그룹일 뿐 동일 측정인자 또는 부모·자식으로 자동 확정하지 않음"
"CAS_101_68_8","101-68-8","3","Sheet1","229","4O-40-010","메틸렌비스","메틸렌비스","HPLC법(다)","1-2PP 코팅된 유리섬유여과지(37mm) / open-face","0.005 ppm","","","","○","N","SAME_CAS_VARIANT","","N","REVIEW_REQUIRED","동일 CAS는 후보 그룹일 뿐 동일 측정인자 또는 부모·자식으로 자동 확정하지 않음"
"CAS_101_68_8","101-68-8","3","Sheet1","230","4O-40-011","메틸렌비스(페닐이소시아네이트)","메틸렌비스","HPLC법(다)","1-2PP 코팅된 유리섬유여과지(37mm) / open-face","0.005 ppm","","","","○","N","SAME_CAS_VARIANT","","N","REVIEW_REQUIRED","동일 CAS는 후보 그룹일 뿐 동일 측정인자 또는 부모·자식으로 자동 확정하지 않음"
"CAS_101_68_8","101-68-8","3","Sheet1","231","4O-40-012","MDI","MDI","HPLC법(다)","1-2PP 코팅된 유리섬유여과지(37mm) / open-face","0.005 ppm","","","","○","N","SAME_CAS_VARIANT","","N","REVIEW_REQUIRED","동일 CAS는 후보 그룹일 뿐 동일 측정인자 또는 부모·자식으로 자동 확정하지 않음"
"CAS_584_84_9","584-84-9","2","Sheet1","232","4O-40-020","톨루엔-2,4-디이소시아네이트","톨루엔-2,4-디이소시아네이트","HPLC법(다)","1-2PP 코팅된 유리섬유여과지(37mm) / open-face","0.005 ppm","0.02 ppm","","","○","N","SAME_CAS_VARIANT","","N","REVIEW_REQUIRED","동일 CAS는 후보 그룹일 뿐 동일 측정인자 또는 부모·자식으로 자동 확정하지 않음"
"CAS_584_84_9","584-84-9","2","Sheet1","233","4O-40-021","2,4-TDI","2,4-TDI","HPLC법(다)","1-2PP 코팅된 유리섬유여과지(37mm) / open-face","0.005 ppm","0.02 ppm","","","○","N","SAME_CAS_VARIANT","","N","REVIEW_REQUIRED","동일 CAS는 후보 그룹일 뿐 동일 측정인자 또는 부모·자식으로 자동 확정하지 않음"
"CAS_91_08_7","91-08-7","2","Sheet1","234","4O-40-030","톨루엔-2,6-디이소시아네이트","톨루엔-2,6-디이소시아네이트","HPLC법(다)","1-2PP 코팅된 유리섬유여과지(37mm) / open-face","0.005 ppm","0.02 ppm","","","○","N","SAME_CAS_VARIANT","","N","REVIEW_REQUIRED","동일 CAS는 후보 그룹일 뿐 동일 측정인자 또는 부모·자식으로 자동 확정하지 않음"
"CAS_91_08_7","91-08-7","2","Sheet1","235","4O-40-031","2,6-TDI","2,6-TDI","HPLC법(다)","1-2PP 코팅된 유리섬유여과지(37mm) / open-face","0.005 ppm","0.02 ppm","","","○","N","SAME_CAS_VARIANT","","N","REVIEW_REQUIRED","동일 CAS는 후보 그룹일 뿐 동일 측정인자 또는 부모·자식으로 자동 확정하지 않음"
"CAS_822_06_0","822-06-0","2","Sheet1","236","4O-40-040","헥사메틸렌디이소시아네이트","헥사메틸렌디이소시아네이트","HPLC법(다)","1-2PP 코팅된 유리섬유여과지(37mm) / open-face","0.005 ppm","","","","○","N","SAME_CAS_VARIANT","","N","REVIEW_REQUIRED","동일 CAS는 후보 그룹일 뿐 동일 측정인자 또는 부모·자식으로 자동 확정하지 않음"
"CAS_822_06_0","822-06-0","2","Sheet1","237","4O-40-041","HDI","HDI","HPLC법(다)","1-2PP 코팅된 유리섬유여과지(37mm) / open-face","0.005 ppm","","","","○","N","SAME_CAS_VARIANT","","N","REVIEW_REQUIRED","동일 CAS는 후보 그룹일 뿐 동일 측정인자 또는 부모·자식으로 자동 확정하지 않음"
"CAS_108_31_6","108-31-6","2","Sheet1","246","4O-44-020","무수말레산","무수말레산","HPLC법(단)","226-30-07(SKC) + 226-30(SKC)","0.4 ㎎/㎥","","","","○","N","SAME_CAS_VARIANT","","N","REVIEW_REQUIRED","동일 CAS는 후보 그룹일 뿐 동일 측정인자 또는 부모·자식으로 자동 확정하지 않음"
"CAS_108_31_6","108-31-6","2","Sheet1","247","4O-44-021","말레산 언하이드라이드","말레산 언하이드라이드","HPLC법(단)","226-30-07(SKC) + 226-30(SKC)","0.4 ㎎/㎥","","","","○","N","SAME_CAS_VARIANT","","N","REVIEW_REQUIRED","동일 CAS는 후보 그룹일 뿐 동일 측정인자 또는 부모·자식으로 자동 확정하지 않음"
"CAS_7664_93_9","7664-93-9","2","Sheet1","272","5A-51-020","황산","황산","IC법(다)2-산알","225-1827(SKC) or FQ037MM550(EMS)","0.2 ㎎/㎥","0.6 ㎎/㎥","","○","○","N","SAME_CAS_VARIANT","","N","REVIEW_REQUIRED","동일 CAS는 후보 그룹일 뿐 동일 측정인자 또는 부모·자식으로 자동 확정하지 않음"
"CAS_7664_93_9","7664-93-9","2","Sheet1","273","5A-51-021","황산(pH2.0이하)","황산","IC법(다)2-산알","225-1827(SKC) or FQ037MM550(EMS)","0.2 ㎎/㎥","0.6 ㎎/㎥","","○","○","N","SAME_CAS_VARIANT","","N","REVIEW_REQUIRED","동일 CAS는 후보 그룹일 뿐 동일 측정인자 또는 부모·자식으로 자동 확정하지 않음"
"CAS_151_50_8","151-50-8","2","Sheet1","277","5A-55-020","시안화칼륨","시안화칼륨","UV법(다)","226-210(SKC)","5 ㎎/㎥","","","","○","N","SAME_CAS_VARIANT","","N","REVIEW_REQUIRED","동일 CAS는 후보 그룹일 뿐 동일 측정인자 또는 부모·자식으로 자동 확정하지 않음"
"CAS_151_50_8","151-50-8","2","Sheet1","278","5A-55-021","시안화칼슘","시안화칼슘","UV법(다)","226-210(SKC)","5 ㎎/㎥","","","","","N","SAME_CAS_VARIANT","","N","REVIEW_REQUIRED","동일 CAS는 후보 그룹일 뿐 동일 측정인자 또는 부모·자식으로 자동 확정하지 않음"
"CAS_7446_09_5","7446-09-5","3","Sheet1","291","6G-61-040","이산화황(아황산가스)","이산화황","IC법(단)-가스","MCE + Na2CO3 coated MCE","2 ppm","5 ppm","","","○","N","SAME_CAS_VARIANT","","N","REVIEW_REQUIRED","동일 CAS는 후보 그룹일 뿐 동일 측정인자 또는 부모·자식으로 자동 확정하지 않음"
"CAS_7446_09_5","7446-09-5","3","Sheet1","292","6G-61-041","이산화황","이산화황","IC법(단)-가스","MCE + Na2CO3 coated MCE","2 ppm","5 ppm","","","○","N","SAME_CAS_VARIANT","","N","REVIEW_REQUIRED","동일 CAS는 후보 그룹일 뿐 동일 측정인자 또는 부모·자식으로 자동 확정하지 않음"
"CAS_7446_09_5","7446-09-5","3","Sheet1","293","6G-61-042","아황산가스","아황산가스","IC법(단)-가스","MCE + Na2CO3 coated MCE","2 ppm","5 ppm","","","○","N","SAME_CAS_VARIANT","","N","REVIEW_REQUIRED","동일 CAS는 후보 그룹일 뿐 동일 측정인자 또는 부모·자식으로 자동 확정하지 않음"
